;date;ProbTrend
0;2015-08-07;
1;2015-08-08;
2;2015-08-11;
3;2015-08-12;
4;2015-08-13;
5;2015-08-14;
6;2015-08-15;
7;2015-08-16;
8;2015-08-17;
9;2015-08-18;
10;2015-08-19;
11;2015-08-20;
12;2015-08-21;
13;2015-08-22;
14;2015-08-23;
15;2015-08-24;
16;2015-08-25;
17;2015-08-26;
18;2015-08-27;
19;2015-08-28;
20;2015-08-29;
21;2015-08-30;
22;2015-08-31;
23;2015-09-01;
24;2015-09-02;
25;2015-09-03;
26;2015-09-05;
27;2015-09-06;
28;2015-09-07;
29;2015-09-08;
30;2015-09-09;
31;2015-09-10;
32;2015-09-11;
33;2015-09-12;
34;2015-09-13;
35;2015-09-14;
36;2015-09-15;
37;2015-09-16;
38;2015-09-17;
39;2015-09-18;
40;2015-09-19;
41;2015-09-20;
42;2015-09-22;
43;2015-09-23;-1.0
44;2015-09-24;-1.0
45;2015-09-25;-1.0
46;2015-09-26;-1.0
47;2015-09-27;-1.0
48;2015-09-28;-1.0
49;2015-09-29;-1.0
50;2015-09-30;-1.0
51;2015-10-01;-1.0
52;2015-10-02;-1.0
53;2015-10-03;-1.0
54;2015-10-04;-1.0
55;2015-10-05;-1.0
56;2015-10-06;-1.0
57;2015-10-07;-1.0
58;2015-10-08;-1.0
59;2015-10-09;-1.0
60;2015-10-11;-1.0
61;2015-10-12;-1.0
62;2015-10-13;-1.0
63;2015-10-14;-1.0
64;2015-10-15;-1.0
65;2015-10-16;-1.0
66;2015-10-17;-1.0
67;2015-10-18;-1.0
68;2015-10-19;-1.0
69;2015-10-20;-1.0
70;2015-10-21;-1.0
71;2015-10-22;-1.0
72;2015-10-23;-1.0
73;2015-10-24;-1.0
74;2015-10-25;-1.0
75;2015-10-26;-1.0
76;2015-10-27;-1.0
77;2015-10-28;-1.0
78;2015-10-29;-1.0
79;2015-10-30;-1.0
80;2015-10-31;-1.0
81;2015-11-01;-1.0
82;2015-11-02;-1.0
83;2015-11-03;-1.0
84;2015-11-04;-1.0
85;2015-11-05;-1.0
86;2015-11-06;-1.0
87;2015-11-07;-1.0
88;2015-11-08;-1.0
89;2015-11-09;1.0
90;2015-11-10;1.0
91;2015-11-11;-1.0
92;2015-11-12;-1.0
93;2015-11-13;-1.0
94;2015-11-14;-1.0
95;2015-11-15;-1.0
96;2015-11-16;-1.0
97;2015-11-17;-1.0
98;2015-11-18;-1.0
99;2015-11-19;-1.0
100;2015-11-20;-1.0
101;2015-11-21;-1.0
102;2015-11-22;-1.0
103;2015-11-23;-1.0
104;2015-11-24;-1.0
105;2015-11-25;1.0
106;2015-11-26;-1.0
107;2015-11-27;-1.0
108;2015-11-28;1.0
109;2015-11-29;1.0
110;2015-11-30;1.0
111;2015-12-01;1.0
112;2015-12-02;1.0
113;2015-12-03;1.0
114;2015-12-04;1.0
115;2015-12-05;1.0
116;2015-12-06;1.0
117;2015-12-07;1.0
118;2015-12-08;1.0
119;2015-12-09;-1.0
120;2015-12-10;1.0
121;2015-12-11;1.0
122;2015-12-12;1.0
123;2015-12-13;1.0
124;2015-12-14;1.0
125;2015-12-15;1.0
126;2015-12-16;-1.0
127;2015-12-17;-1.0
128;2015-12-18;-1.0
129;2015-12-19;-1.0
130;2015-12-20;1.0
131;2015-12-21;1.0
132;2015-12-22;1.0
133;2015-12-23;1.0
134;2015-12-24;-1.0
135;2015-12-25;-1.0
136;2015-12-26;1.0
137;2015-12-27;1.0
138;2015-12-28;1.0
139;2015-12-29;1.0
140;2015-12-30;1.0
141;2015-12-31;1.0
142;2016-01-01;1.0
143;2016-01-02;1.0
144;2016-01-03;1.0
145;2016-01-04;1.0
146;2016-01-05;-1.0
147;2016-01-06;-1.0
148;2016-01-07;-1.0
149;2016-01-08;1.0
150;2016-01-09;1.0
151;2016-01-10;1.0
152;2016-01-11;1.0
153;2016-01-12;1.0
154;2016-01-13;1.0
155;2016-01-14;1.0
156;2016-01-15;1.0
157;2016-01-16;1.0
158;2016-01-17;1.0
159;2016-01-18;1.0
160;2016-01-19;1.0
161;2016-01-20;1.0
162;2016-01-21;1.0
163;2016-01-22;1.0
164;2016-01-23;1.0
165;2016-01-24;1.0
166;2016-01-25;1.0
167;2016-01-26;1.0
168;2016-01-27;1.0
169;2016-01-28;1.0
170;2016-01-29;1.0
171;2016-01-30;1.0
172;2016-01-31;1.0
173;2016-02-01;1.0
174;2016-02-02;1.0
175;2016-02-03;1.0
176;2016-02-04;1.0
177;2016-02-05;1.0
178;2016-02-06;1.0
179;2016-02-07;1.0
180;2016-02-08;1.0
181;2016-02-09;1.0
182;2016-02-10;1.0
183;2016-02-11;1.0
184;2016-02-12;1.0
185;2016-02-13;1.0
186;2016-02-14;1.0
187;2016-02-15;1.0
188;2016-02-16;1.0
189;2016-02-17;1.0
190;2016-02-18;1.0
191;2016-02-19;1.0
192;2016-02-20;1.0
193;2016-02-21;1.0
194;2016-02-22;1.0
195;2016-02-23;1.0
196;2016-02-24;1.0
197;2016-02-25;1.0
198;2016-02-26;1.0
199;2016-02-27;1.0
200;2016-02-28;1.0
201;2016-02-29;1.0
202;2016-03-01;1.0
203;2016-03-02;1.0
204;2016-03-03;1.0
205;2016-03-04;1.0
206;2016-03-05;1.0
207;2016-03-06;1.0
208;2016-03-07;1.0
209;2016-03-08;1.0
210;2016-03-09;1.0
211;2016-03-10;1.0
212;2016-03-11;1.0
213;2016-03-12;1.0
214;2016-03-13;1.0
215;2016-03-14;1.0
216;2016-03-15;1.0
217;2016-03-16;1.0
218;2016-03-17;1.0
219;2016-03-18;1.0
220;2016-03-19;1.0
221;2016-03-20;1.0
222;2016-03-21;1.0
223;2016-03-22;1.0
224;2016-03-23;1.0
225;2016-03-24;1.0
226;2016-03-25;1.0
227;2016-03-26;1.0
228;2016-03-27;1.0
229;2016-03-28;1.0
230;2016-03-29;1.0
231;2016-03-30;1.0
232;2016-03-31;1.0
233;2016-04-01;1.0
234;2016-04-02;1.0
235;2016-04-03;1.0
236;2016-04-04;1.0
237;2016-04-05;1.0
238;2016-04-06;1.0
239;2016-04-07;1.0
240;2016-04-08;1.0
241;2016-04-09;1.0
242;2016-04-10;-1.0
243;2016-04-11;-1.0
244;2016-04-12;-1.0
245;2016-04-13;-1.0
246;2016-04-14;-1.0
247;2016-04-15;-1.0
248;2016-04-16;-1.0
249;2016-04-17;1.0
250;2016-04-18;1.0
251;2016-04-19;1.0
252;2016-04-20;-1.0
253;2016-04-21;-1.0
254;2016-04-22;-1.0
255;2016-04-23;-1.0
256;2016-04-24;-1.0
257;2016-04-25;-1.0
258;2016-04-26;-1.0
259;2016-04-27;-1.0
260;2016-04-28;-1.0
261;2016-04-29;-1.0
262;2016-04-30;-1.0
263;2016-05-01;-1.0
264;2016-05-02;-1.0
265;2016-05-03;1.0
266;2016-05-04;1.0
267;2016-05-05;-1.0
268;2016-05-06;-1.0
269;2016-05-07;-1.0
270;2016-05-08;-1.0
271;2016-05-09;1.0
272;2016-05-10;1.0
273;2016-05-11;1.0
274;2016-05-12;1.0
275;2016-05-13;1.0
276;2016-05-14;1.0
277;2016-05-15;1.0
278;2016-05-16;1.0
279;2016-05-17;1.0
280;2016-05-18;1.0
281;2016-05-19;1.0
282;2016-05-20;1.0
283;2016-05-21;1.0
284;2016-05-22;1.0
285;2016-05-23;1.0
286;2016-05-24;-1.0
287;2016-05-25;-1.0
288;2016-05-26;-1.0
289;2016-05-27;1.0
290;2016-05-28;-1.0
291;2016-05-29;-1.0
292;2016-05-30;-1.0
293;2016-05-31;1.0
294;2016-06-01;1.0
295;2016-06-02;1.0
296;2016-06-03;1.0
297;2016-06-04;1.0
298;2016-06-05;1.0
299;2016-06-06;1.0
300;2016-06-07;1.0
301;2016-06-08;1.0
302;2016-06-09;1.0
303;2016-06-10;1.0
304;2016-06-11;1.0
305;2016-06-12;1.0
306;2016-06-13;1.0
307;2016-06-14;1.0
308;2016-06-15;1.0
309;2016-06-16;1.0
310;2016-06-17;1.0
311;2016-06-18;1.0
312;2016-06-19;1.0
313;2016-06-20;1.0
314;2016-06-21;1.0
315;2016-06-22;1.0
316;2016-06-23;1.0
317;2016-06-24;1.0
318;2016-06-25;1.0
319;2016-06-26;1.0
320;2016-06-27;1.0
321;2016-06-28;1.0
322;2016-06-29;1.0
323;2016-06-30;-1.0
324;2016-07-01;-1.0
325;2016-07-02;-1.0
326;2016-07-03;-1.0
327;2016-07-04;-1.0
328;2016-07-05;-1.0
329;2016-07-06;-1.0
330;2016-07-07;-1.0
331;2016-07-08;-1.0
332;2016-07-09;-1.0
333;2016-07-10;-1.0
334;2016-07-11;-1.0
335;2016-07-12;-1.0
336;2016-07-13;-1.0
337;2016-07-14;1.0
338;2016-07-15;1.0
339;2016-07-16;1.0
340;2016-07-17;1.0
341;2016-07-18;1.0
342;2016-07-19;1.0
343;2016-07-20;1.0
344;2016-07-21;1.0
345;2016-07-22;1.0
346;2016-07-23;1.0
347;2016-07-24;1.0
348;2016-07-25;1.0
349;2016-07-26;-1.0
350;2016-07-27;-1.0
351;2016-07-28;-1.0
352;2016-07-29;-1.0
353;2016-07-30;-1.0
354;2016-07-31;-1.0
355;2016-08-01;-1.0
356;2016-08-02;-1.0
357;2016-08-03;-1.0
358;2016-08-04;-1.0
359;2016-08-05;-1.0
360;2016-08-06;-1.0
361;2016-08-07;-1.0
362;2016-08-08;-1.0
363;2016-08-09;-1.0
364;2016-08-10;-1.0
365;2016-08-11;-1.0
366;2016-08-12;-1.0
367;2016-08-13;-1.0
368;2016-08-14;-1.0
369;2016-08-15;-1.0
370;2016-08-16;-1.0
371;2016-08-17;-1.0
372;2016-08-18;-1.0
373;2016-08-19;-1.0
374;2016-08-20;-1.0
375;2016-08-21;-1.0
376;2016-08-22;-1.0
377;2016-08-23;-1.0
378;2016-08-24;-1.0
379;2016-08-25;-1.0
380;2016-08-26;1.0
381;2016-08-27;1.0
382;2016-08-28;-1.0
383;2016-08-29;-1.0
384;2016-08-30;-1.0
385;2016-08-31;-1.0
386;2016-09-01;1.0
387;2016-09-02;1.0
388;2016-09-03;1.0
389;2016-09-04;-1.0
390;2016-09-05;-1.0
391;2016-09-06;-1.0
392;2016-09-07;-1.0
393;2016-09-08;-1.0
394;2016-09-09;-1.0
395;2016-09-10;-1.0
396;2016-09-11;-1.0
397;2016-09-12;1.0
398;2016-09-13;1.0
399;2016-09-14;1.0
400;2016-09-15;1.0
401;2016-09-16;1.0
402;2016-09-17;1.0
403;2016-09-18;1.0
404;2016-09-19;1.0
405;2016-09-20;1.0
406;2016-09-21;1.0
407;2016-09-22;1.0
408;2016-09-23;1.0
409;2016-09-24;-1.0
410;2016-09-25;-1.0
411;2016-09-26;-1.0
412;2016-09-27;-1.0
413;2016-09-28;1.0
414;2016-09-29;1.0
415;2016-09-30;1.0
416;2016-10-01;1.0
417;2016-10-02;1.0
418;2016-10-03;1.0
419;2016-10-04;1.0
420;2016-10-05;1.0
421;2016-10-06;1.0
422;2016-10-07;1.0
423;2016-10-08;1.0
424;2016-10-09;1.0
425;2016-10-10;1.0
426;2016-10-11;1.0
427;2016-10-12;1.0
428;2016-10-13;1.0
429;2016-10-14;1.0
430;2016-10-15;1.0
431;2016-10-16;-1.0
432;2016-10-17;1.0
433;2016-10-18;1.0
434;2016-10-19;1.0
435;2016-10-20;1.0
436;2016-10-21;1.0
437;2016-10-22;1.0
438;2016-10-23;1.0
439;2016-10-24;1.0
440;2016-10-25;-1.0
441;2016-10-26;-1.0
442;2016-10-27;-1.0
443;2016-10-28;-1.0
444;2016-10-29;-1.0
445;2016-10-30;-1.0
446;2016-10-31;-1.0
447;2016-11-01;-1.0
448;2016-11-02;-1.0
449;2016-11-03;-1.0
450;2016-11-04;-1.0
451;2016-11-05;-1.0
452;2016-11-06;-1.0
453;2016-11-07;-1.0
454;2016-11-08;-1.0
455;2016-11-09;-1.0
456;2016-11-10;-1.0
457;2016-11-11;-1.0
458;2016-11-12;-1.0
459;2016-11-13;-1.0
460;2016-11-14;-1.0
461;2016-11-15;-1.0
462;2016-11-16;-1.0
463;2016-11-17;-1.0
464;2016-11-18;-1.0
465;2016-11-19;-1.0
466;2016-11-20;-1.0
467;2016-11-21;-1.0
468;2016-11-22;-1.0
469;2016-11-23;-1.0
470;2016-11-24;-1.0
471;2016-11-25;-1.0
472;2016-11-26;-1.0
473;2016-11-27;-1.0
474;2016-11-28;-1.0
475;2016-11-29;-1.0
476;2016-11-30;-1.0
477;2016-12-01;-1.0
478;2016-12-02;-1.0
479;2016-12-03;-1.0
480;2016-12-04;-1.0
481;2016-12-05;-1.0
482;2016-12-06;-1.0
483;2016-12-07;-1.0
484;2016-12-08;-1.0
485;2016-12-09;-1.0
486;2016-12-10;-1.0
487;2016-12-11;-1.0
488;2016-12-12;-1.0
489;2016-12-13;-1.0
490;2016-12-14;-1.0
491;2016-12-15;-1.0
492;2016-12-16;-1.0
493;2016-12-17;-1.0
494;2016-12-18;-1.0
495;2016-12-19;-1.0
496;2016-12-20;-1.0
497;2016-12-21;-1.0
498;2016-12-22;-1.0
499;2016-12-23;-1.0
500;2016-12-24;-1.0
501;2016-12-25;-1.0
502;2016-12-26;-1.0
503;2016-12-27;-1.0
504;2016-12-28;-1.0
505;2016-12-29;-1.0
506;2016-12-30;-1.0
507;2016-12-31;-1.0
508;2017-01-01;-1.0
509;2017-01-02;-1.0
510;2017-01-03;-1.0
511;2017-01-04;-1.0
512;2017-01-05;-1.0
513;2017-01-06;1.0
514;2017-01-07;1.0
515;2017-01-08;1.0
516;2017-01-09;1.0
517;2017-01-10;1.0
518;2017-01-11;1.0
519;2017-01-12;1.0
520;2017-01-13;1.0
521;2017-01-14;1.0
522;2017-01-15;1.0
523;2017-01-16;1.0
524;2017-01-17;1.0
525;2017-01-18;1.0
526;2017-01-19;1.0
527;2017-01-20;1.0
528;2017-01-21;1.0
529;2017-01-22;1.0
530;2017-01-23;1.0
531;2017-01-24;1.0
532;2017-01-25;1.0
533;2017-01-26;1.0
534;2017-01-27;1.0
535;2017-01-28;1.0
536;2017-01-29;1.0
537;2017-01-30;1.0
538;2017-01-31;1.0
539;2017-02-01;1.0
540;2017-02-02;1.0
541;2017-02-03;1.0
542;2017-02-04;1.0
543;2017-02-05;1.0
544;2017-02-06;1.0
545;2017-02-07;1.0
546;2017-02-08;1.0
547;2017-02-09;1.0
548;2017-02-10;1.0
549;2017-02-11;1.0
550;2017-02-12;1.0
551;2017-02-13;1.0
552;2017-02-14;1.0
553;2017-02-15;1.0
554;2017-02-16;1.0
555;2017-02-17;1.0
556;2017-02-18;1.0
557;2017-02-19;1.0
558;2017-02-20;1.0
559;2017-02-21;1.0
560;2017-02-22;1.0
561;2017-02-23;1.0
562;2017-02-24;1.0
563;2017-02-25;1.0
564;2017-02-26;1.0
565;2017-02-27;1.0
566;2017-02-28;1.0
567;2017-03-01;1.0
568;2017-03-02;1.0
569;2017-03-03;1.0
570;2017-03-04;1.0
571;2017-03-05;1.0
572;2017-03-06;1.0
573;2017-03-07;1.0
574;2017-03-08;1.0
575;2017-03-09;1.0
576;2017-03-10;1.0
577;2017-03-11;1.0
578;2017-03-12;1.0
579;2017-03-13;1.0
580;2017-03-14;1.0
581;2017-03-15;1.0
582;2017-03-16;1.0
583;2017-03-17;1.0
584;2017-03-18;1.0
585;2017-03-19;1.0
586;2017-03-20;1.0
587;2017-03-21;1.0
588;2017-03-22;1.0
589;2017-03-23;1.0
590;2017-03-24;1.0
591;2017-03-25;1.0
592;2017-03-26;1.0
593;2017-03-27;1.0
594;2017-03-28;1.0
595;2017-03-29;1.0
596;2017-03-30;1.0
597;2017-03-31;1.0
598;2017-04-01;1.0
599;2017-04-02;1.0
600;2017-04-03;1.0
601;2017-04-04;1.0
602;2017-04-05;1.0
603;2017-04-06;1.0
604;2017-04-07;1.0
605;2017-04-08;1.0
606;2017-04-09;1.0
607;2017-04-10;1.0
608;2017-04-11;1.0
609;2017-04-12;1.0
610;2017-04-13;1.0
611;2017-04-14;1.0
612;2017-04-15;1.0
613;2017-04-16;1.0
614;2017-04-17;1.0
615;2017-04-18;1.0
616;2017-04-19;1.0
617;2017-04-20;1.0
618;2017-04-21;1.0
619;2017-04-22;1.0
620;2017-04-23;1.0
621;2017-04-24;1.0
622;2017-04-25;1.0
623;2017-04-26;1.0
624;2017-04-27;1.0
625;2017-04-28;1.0
626;2017-04-29;1.0
627;2017-04-30;1.0
628;2017-05-01;1.0
629;2017-05-02;1.0
630;2017-05-03;1.0
631;2017-05-04;1.0
632;2017-05-05;1.0
633;2017-05-06;1.0
634;2017-05-07;1.0
635;2017-05-08;1.0
636;2017-05-09;1.0
637;2017-05-10;1.0
638;2017-05-11;1.0
639;2017-05-12;1.0
640;2017-05-13;1.0
641;2017-05-14;1.0
642;2017-05-15;1.0
643;2017-05-16;1.0
644;2017-05-17;1.0
645;2017-05-18;1.0
646;2017-05-19;1.0
647;2017-05-20;1.0
648;2017-05-21;1.0
649;2017-05-22;1.0
650;2017-05-23;1.0
651;2017-05-24;1.0
652;2017-05-25;1.0
653;2017-05-26;1.0
654;2017-05-27;1.0
655;2017-05-28;1.0
656;2017-05-29;1.0
657;2017-05-30;1.0
658;2017-05-31;1.0
659;2017-06-01;1.0
660;2017-06-02;1.0
661;2017-06-03;1.0
662;2017-06-04;1.0
663;2017-06-05;1.0
664;2017-06-06;1.0
665;2017-06-07;1.0
666;2017-06-08;1.0
667;2017-06-09;1.0
668;2017-06-10;1.0
669;2017-06-11;1.0
670;2017-06-12;1.0
671;2017-06-13;1.0
672;2017-06-14;1.0
673;2017-06-15;1.0
674;2017-06-16;1.0
675;2017-06-17;1.0
676;2017-06-18;1.0
677;2017-06-19;1.0
678;2017-06-20;1.0
679;2017-06-21;1.0
680;2017-06-22;1.0
681;2017-06-23;1.0
682;2017-06-24;1.0
683;2017-06-25;1.0
684;2017-06-26;1.0
685;2017-06-27;1.0
686;2017-06-28;1.0
687;2017-06-29;1.0
688;2017-06-30;1.0
689;2017-07-01;1.0
690;2017-07-02;1.0
691;2017-07-03;1.0
692;2017-07-04;1.0
693;2017-07-05;1.0
694;2017-07-06;1.0
695;2017-07-07;1.0
696;2017-07-08;-1.0
697;2017-07-09;-1.0
698;2017-07-10;-1.0
699;2017-07-11;-1.0
700;2017-07-12;-1.0
701;2017-07-13;-1.0
702;2017-07-14;-1.0
703;2017-07-15;-1.0
704;2017-07-16;-1.0
705;2017-07-17;-1.0
706;2017-07-18;1.0
707;2017-07-19;1.0
708;2017-07-20;1.0
709;2017-07-21;1.0
710;2017-07-22;1.0
711;2017-07-23;1.0
712;2017-07-24;1.0
713;2017-07-25;-1.0
714;2017-07-26;-1.0
715;2017-07-27;-1.0
716;2017-07-28;-1.0
717;2017-07-29;-1.0
718;2017-07-30;-1.0
719;2017-07-31;-1.0
720;2017-08-01;-1.0
721;2017-08-02;-1.0
722;2017-08-03;-1.0
723;2017-08-04;-1.0
724;2017-08-05;-1.0
725;2017-08-06;-1.0
726;2017-08-07;-1.0
727;2017-08-08;1.0
728;2017-08-09;1.0
729;2017-08-10;1.0
730;2017-08-11;1.0
731;2017-08-12;1.0
732;2017-08-13;1.0
733;2017-08-14;1.0
734;2017-08-15;-1.0
735;2017-08-16;-1.0
736;2017-08-17;1.0
737;2017-08-18;-1.0
738;2017-08-19;-1.0
739;2017-08-20;-1.0
740;2017-08-21;1.0
741;2017-08-22;1.0
742;2017-08-23;1.0
743;2017-08-24;1.0
744;2017-08-25;1.0
745;2017-08-26;1.0
746;2017-08-27;1.0
747;2017-08-28;1.0
748;2017-08-29;1.0
749;2017-08-30;1.0
750;2017-08-31;1.0
751;2017-09-01;1.0
752;2017-09-02;1.0
753;2017-09-03;1.0
754;2017-09-04;1.0
755;2017-09-05;1.0
756;2017-09-06;1.0
757;2017-09-07;1.0
758;2017-09-08;1.0
759;2017-09-09;1.0
760;2017-09-10;1.0
761;2017-09-11;1.0
762;2017-09-12;1.0
763;2017-09-13;1.0
764;2017-09-14;1.0
765;2017-09-15;1.0
766;2017-09-16;1.0
767;2017-09-17;1.0
768;2017-09-18;1.0
769;2017-09-19;1.0
770;2017-09-20;-1.0
771;2017-09-21;-1.0
772;2017-09-22;-1.0
773;2017-09-23;-1.0
774;2017-09-24;-1.0
775;2017-09-25;1.0
776;2017-09-26;1.0
777;2017-09-27;1.0
778;2017-09-28;1.0
779;2017-09-29;-1.0
780;2017-09-30;-1.0
781;2017-10-01;-1.0
782;2017-10-02;-1.0
783;2017-10-03;-1.0
784;2017-10-04;-1.0
785;2017-10-05;-1.0
786;2017-10-06;1.0
787;2017-10-07;1.0
788;2017-10-08;1.0
789;2017-10-09;-1.0
790;2017-10-10;-1.0
791;2017-10-11;-1.0
792;2017-10-12;-1.0
793;2017-10-13;1.0
794;2017-10-14;1.0
795;2017-10-15;1.0
796;2017-10-16;1.0
797;2017-10-17;-1.0
798;2017-10-18;-1.0
799;2017-10-19;-1.0
800;2017-10-20;-1.0
801;2017-10-21;-1.0
802;2017-10-22;-1.0
803;2017-10-23;-1.0
804;2017-10-24;-1.0
805;2017-10-25;-1.0
806;2017-10-26;-1.0
807;2017-10-27;-1.0
808;2017-10-28;-1.0
809;2017-10-29;1.0
810;2017-10-30;1.0
811;2017-10-31;1.0
812;2017-11-01;-1.0
813;2017-11-02;-1.0
814;2017-11-03;-1.0
815;2017-11-04;-1.0
816;2017-11-05;-1.0
817;2017-11-06;1.0
818;2017-11-07;-1.0
819;2017-11-08;1.0
820;2017-11-09;1.0
821;2017-11-10;1.0
822;2017-11-11;1.0
823;2017-11-12;1.0
824;2017-11-13;1.0
825;2017-11-14;1.0
826;2017-11-15;1.0
827;2017-11-16;1.0
828;2017-11-17;1.0
829;2017-11-18;1.0
830;2017-11-19;1.0
831;2017-11-20;1.0
832;2017-11-21;1.0
833;2017-11-22;1.0
834;2017-11-23;1.0
835;2017-11-24;1.0
836;2017-11-25;1.0
837;2017-11-26;1.0
838;2017-11-27;1.0
839;2017-11-28;1.0
840;2017-11-29;1.0
841;2017-11-30;-1.0
842;2017-12-01;-1.0
843;2017-12-02;1.0
844;2017-12-03;1.0
845;2017-12-04;1.0
846;2017-12-05;1.0
847;2017-12-06;1.0
848;2017-12-07;1.0
849;2017-12-08;1.0
850;2017-12-09;1.0
851;2017-12-10;1.0
852;2017-12-11;1.0
853;2017-12-12;1.0
854;2017-12-13;1.0
855;2017-12-14;1.0
856;2017-12-15;1.0
857;2017-12-16;1.0
858;2017-12-17;1.0
859;2017-12-18;1.0
860;2017-12-19;1.0
861;2017-12-20;1.0
862;2017-12-21;1.0
863;2017-12-22;1.0
864;2017-12-23;1.0
865;2017-12-24;1.0
866;2017-12-25;1.0
867;2017-12-26;1.0
868;2017-12-27;1.0
869;2017-12-28;1.0
870;2017-12-29;1.0
871;2017-12-30;1.0
872;2017-12-31;1.0
873;2018-01-01;1.0
874;2018-01-02;1.0
875;2018-01-03;1.0
876;2018-01-04;1.0
877;2018-01-05;1.0
878;2018-01-06;1.0
879;2018-01-07;1.0
880;2018-01-08;1.0
881;2018-01-09;1.0
882;2018-01-10;1.0
883;2018-01-11;1.0
884;2018-01-12;1.0
885;2018-01-13;1.0
886;2018-01-14;1.0
887;2018-01-15;1.0
888;2018-01-16;1.0
889;2018-01-17;1.0
890;2018-01-18;1.0
891;2018-01-19;1.0
892;2018-01-20;1.0
893;2018-01-21;1.0
894;2018-01-22;1.0
895;2018-01-23;1.0
896;2018-01-24;1.0
897;2018-01-25;1.0
898;2018-01-26;1.0
899;2018-01-27;1.0
900;2018-01-28;1.0
901;2018-01-29;1.0
902;2018-01-30;1.0
903;2018-01-31;1.0
904;2018-02-01;1.0
905;2018-02-02;1.0
906;2018-02-03;1.0
907;2018-02-04;1.0
908;2018-02-05;1.0
909;2018-02-06;1.0
910;2018-02-07;1.0
911;2018-02-08;1.0
912;2018-02-09;1.0
913;2018-02-10;1.0
914;2018-02-11;1.0
915;2018-02-12;1.0
916;2018-02-13;1.0
917;2018-02-14;1.0
918;2018-02-15;1.0
919;2018-02-16;1.0
920;2018-02-17;1.0
921;2018-02-18;1.0
922;2018-02-19;1.0
923;2018-02-20;-1.0
924;2018-02-21;-1.0
925;2018-02-22;-1.0
926;2018-02-23;-1.0
927;2018-02-24;-1.0
928;2018-02-25;-1.0
929;2018-02-26;-1.0
930;2018-02-27;1.0
931;2018-02-28;-1.0
932;2018-03-01;-1.0
933;2018-03-02;-1.0
934;2018-03-03;-1.0
935;2018-03-04;-1.0
936;2018-03-05;-1.0
937;2018-03-06;-1.0
938;2018-03-07;-1.0
939;2018-03-08;-1.0
940;2018-03-09;-1.0
941;2018-03-10;-1.0
942;2018-03-11;-1.0
943;2018-03-12;-1.0
944;2018-03-13;-1.0
945;2018-03-14;-1.0
946;2018-03-15;-1.0
947;2018-03-16;-1.0
948;2018-03-17;-1.0
949;2018-03-18;-1.0
950;2018-03-19;-1.0
951;2018-03-20;-1.0
952;2018-03-21;-1.0
953;2018-03-22;-1.0
954;2018-03-23;-1.0
955;2018-03-24;-1.0
956;2018-03-25;-1.0
957;2018-03-26;-1.0
958;2018-03-27;-1.0
959;2018-03-28;-1.0
960;2018-03-29;-1.0
961;2018-03-30;-1.0
962;2018-03-31;-1.0
963;2018-04-01;-1.0
964;2018-04-02;-1.0
965;2018-04-03;-1.0
966;2018-04-04;-1.0
967;2018-04-05;-1.0
968;2018-04-06;-1.0
969;2018-04-07;-1.0
970;2018-04-08;-1.0
971;2018-04-09;-1.0
972;2018-04-10;-1.0
973;2018-04-11;-1.0
974;2018-04-12;-1.0
975;2018-04-13;-1.0
976;2018-04-14;-1.0
977;2018-04-15;-1.0
978;2018-04-16;-1.0
979;2018-04-17;-1.0
980;2018-04-18;-1.0
981;2018-04-19;-1.0
982;2018-04-20;-1.0
983;2018-04-21;-1.0
984;2018-04-22;-1.0
985;2018-04-23;1.0
986;2018-04-24;1.0
987;2018-04-25;1.0
988;2018-04-26;1.0
989;2018-04-27;1.0
990;2018-04-28;1.0
991;2018-04-29;1.0
992;2018-04-30;1.0
993;2018-05-01;-1.0
994;2018-05-02;1.0
995;2018-05-03;1.0
996;2018-05-04;1.0
997;2018-05-05;1.0
998;2018-05-06;1.0
999;2018-05-07;1.0
1000;2018-05-08;1.0
1001;2018-05-09;1.0
1002;2018-05-10;1.0
1003;2018-05-11;1.0
1004;2018-05-12;1.0
1005;2018-05-13;1.0
1006;2018-05-14;1.0
1007;2018-05-15;1.0
1008;2018-05-16;1.0
1009;2018-05-17;1.0
1010;2018-05-18;1.0
1011;2018-05-19;1.0
1012;2018-05-20;1.0
1013;2018-05-21;1.0
1014;2018-05-22;1.0
1015;2018-05-23;1.0
1016;2018-05-24;1.0
1017;2018-05-25;1.0
1018;2018-05-26;1.0
1019;2018-05-27;1.0
1020;2018-05-28;1.0
1021;2018-05-29;-1.0
1022;2018-05-30;-1.0
1023;2018-05-31;-1.0
1024;2018-06-01;-1.0
1025;2018-06-02;-1.0
1026;2018-06-03;1.0
1027;2018-06-04;-1.0
1028;2018-06-05;-1.0
1029;2018-06-06;-1.0
1030;2018-06-07;-1.0
1031;2018-06-08;-1.0
1032;2018-06-09;-1.0
1033;2018-06-10;-1.0
1034;2018-06-11;-1.0
1035;2018-06-12;-1.0
1036;2018-06-13;-1.0
1037;2018-06-14;-1.0
1038;2018-06-15;-1.0
1039;2018-06-16;-1.0
1040;2018-06-17;-1.0
1041;2018-06-18;-1.0
1042;2018-06-19;-1.0
1043;2018-06-20;-1.0
1044;2018-06-21;-1.0
1045;2018-06-22;-1.0
1046;2018-06-23;-1.0
1047;2018-06-24;-1.0
1048;2018-06-25;-1.0
1049;2018-06-26;-1.0
1050;2018-06-27;-1.0
1051;2018-06-28;-1.0
1052;2018-06-29;-1.0
1053;2018-06-30;-1.0
1054;2018-07-01;-1.0
1055;2018-07-02;-1.0
1056;2018-07-03;-1.0
1057;2018-07-04;-1.0
1058;2018-07-05;-1.0
1059;2018-07-06;-1.0
1060;2018-07-07;-1.0
1061;2018-07-08;-1.0
1062;2018-07-09;-1.0
1063;2018-07-10;-1.0
1064;2018-07-11;-1.0
1065;2018-07-12;-1.0
1066;2018-07-13;-1.0
1067;2018-07-14;-1.0
1068;2018-07-15;-1.0
1069;2018-07-16;-1.0
1070;2018-07-17;-1.0
1071;2018-07-18;-1.0
1072;2018-07-19;-1.0
1073;2018-07-20;-1.0
1074;2018-07-21;-1.0
1075;2018-07-22;-1.0
1076;2018-07-23;-1.0
1077;2018-07-24;-1.0
1078;2018-07-25;-1.0
1079;2018-07-26;-1.0
1080;2018-07-27;-1.0
1081;2018-07-28;-1.0
1082;2018-07-29;-1.0
1083;2018-07-30;-1.0
1084;2018-07-31;-1.0
1085;2018-08-01;-1.0
1086;2018-08-02;-1.0
1087;2018-08-03;-1.0
1088;2018-08-04;-1.0
1089;2018-08-05;-1.0
1090;2018-08-06;-1.0
1091;2018-08-07;-1.0
1092;2018-08-08;-1.0
1093;2018-08-09;-1.0
1094;2018-08-10;-1.0
1095;2018-08-11;-1.0
1096;2018-08-12;-1.0
1097;2018-08-13;-1.0
1098;2018-08-14;-1.0
1099;2018-08-15;-1.0
1100;2018-08-16;-1.0
1101;2018-08-17;-1.0
1102;2018-08-18;-1.0
1103;2018-08-19;-1.0
1104;2018-08-20;-1.0
1105;2018-08-21;-1.0
1106;2018-08-22;-1.0
1107;2018-08-23;-1.0
1108;2018-08-24;-1.0
1109;2018-08-25;-1.0
1110;2018-08-26;-1.0
1111;2018-08-27;-1.0
1112;2018-08-28;-1.0
1113;2018-08-29;-1.0
1114;2018-08-30;-1.0
1115;2018-08-31;-1.0
1116;2018-09-01;-1.0
1117;2018-09-02;-1.0
1118;2018-09-03;-1.0
1119;2018-09-04;-1.0
1120;2018-09-05;-1.0
1121;2018-09-06;-1.0
1122;2018-09-07;-1.0
1123;2018-09-08;-1.0
1124;2018-09-09;-1.0
1125;2018-09-10;-1.0
1126;2018-09-11;-1.0
1127;2018-09-12;-1.0
1128;2018-09-13;-1.0
1129;2018-09-14;-1.0
1130;2018-09-15;-1.0
1131;2018-09-16;-1.0
1132;2018-09-17;-1.0
1133;2018-09-18;-1.0
1134;2018-09-19;-1.0
1135;2018-09-20;-1.0
1136;2018-09-21;-1.0
1137;2018-09-22;-1.0
1138;2018-09-23;-1.0
1139;2018-09-24;-1.0
1140;2018-09-25;-1.0
1141;2018-09-26;-1.0
1142;2018-09-27;-1.0
1143;2018-09-28;-1.0
1144;2018-09-29;-1.0
1145;2018-09-30;-1.0
1146;2018-10-01;-1.0
1147;2018-10-02;-1.0
1148;2018-10-03;-1.0
1149;2018-10-04;-1.0
1150;2018-10-05;-1.0
1151;2018-10-06;-1.0
1152;2018-10-07;-1.0
1153;2018-10-08;-1.0
1154;2018-10-09;-1.0
1155;2018-10-10;-1.0
1156;2018-10-11;-1.0
1157;2018-10-12;-1.0
1158;2018-10-13;-1.0
1159;2018-10-14;-1.0
1160;2018-10-15;-1.0
1161;2018-10-16;-1.0
1162;2018-10-17;-1.0
1163;2018-10-18;-1.0
1164;2018-10-19;-1.0
1165;2018-10-20;-1.0
1166;2018-10-21;-1.0
1167;2018-10-22;-1.0
1168;2018-10-23;-1.0
1169;2018-10-24;-1.0
1170;2018-10-25;-1.0
1171;2018-10-26;-1.0
1172;2018-10-27;-1.0
1173;2018-10-28;-1.0
1174;2018-10-29;-1.0
1175;2018-10-30;-1.0
1176;2018-10-31;-1.0
1177;2018-11-01;-1.0
1178;2018-11-02;-1.0
1179;2018-11-03;-1.0
1180;2018-11-04;-1.0
1181;2018-11-05;-1.0
1182;2018-11-06;-1.0
1183;2018-11-07;-1.0
1184;2018-11-08;-1.0
1185;2018-11-09;1.0
1186;2018-11-10;-1.0
1187;2018-11-11;1.0
1188;2018-11-12;1.0
1189;2018-11-13;-1.0
1190;2018-11-14;-1.0
1191;2018-11-15;-1.0
1192;2018-11-16;-1.0
1193;2018-11-17;-1.0
1194;2018-11-18;-1.0
1195;2018-11-19;-1.0
1196;2018-11-20;-1.0
1197;2018-11-21;-1.0
1198;2018-11-22;-1.0
1199;2018-11-23;-1.0
1200;2018-11-24;-1.0
1201;2018-11-25;-1.0
1202;2018-11-26;-1.0
1203;2018-11-27;-1.0
1204;2018-11-28;-1.0
1205;2018-11-29;-1.0
1206;2018-11-30;-1.0
1207;2018-12-01;-1.0
1208;2018-12-02;-1.0
1209;2018-12-03;-1.0
1210;2018-12-04;-1.0
1211;2018-12-05;-1.0
1212;2018-12-06;-1.0
1213;2018-12-07;-1.0
1214;2018-12-08;-1.0
1215;2018-12-09;-1.0
1216;2018-12-10;-1.0
1217;2018-12-11;-1.0
1218;2018-12-12;-1.0
1219;2018-12-13;-1.0
1220;2018-12-14;-1.0
1221;2018-12-15;-1.0
1222;2018-12-16;-1.0
1223;2018-12-17;-1.0
1224;2018-12-18;-1.0
1225;2018-12-19;-1.0
1226;2018-12-20;-1.0
1227;2018-12-21;-1.0
1228;2018-12-22;-1.0
1229;2018-12-23;-1.0
1230;2018-12-24;-1.0
1231;2018-12-25;-1.0
1232;2018-12-26;-1.0
1233;2018-12-27;-1.0
1234;2018-12-28;-1.0
1235;2018-12-29;-1.0
1236;2018-12-30;-1.0
1237;2018-12-31;-1.0
1238;2019-01-01;-1.0
1239;2019-01-02;1.0
1240;2019-01-03;1.0
1241;2019-01-04;1.0
1242;2019-01-05;1.0
1243;2019-01-06;1.0
1244;2019-01-07;1.0
1245;2019-01-08;1.0
1246;2019-01-09;1.0
1247;2019-01-10;-1.0
1248;2019-01-11;-1.0
1249;2019-01-12;-1.0
1250;2019-01-13;-1.0
1251;2019-01-14;-1.0
1252;2019-01-15;-1.0
1253;2019-01-16;-1.0
1254;2019-01-17;-1.0
1255;2019-01-18;-1.0
1256;2019-01-19;-1.0
1257;2019-01-20;-1.0
1258;2019-01-21;-1.0
1259;2019-01-22;-1.0
1260;2019-01-23;-1.0
1261;2019-01-24;-1.0
1262;2019-01-25;-1.0
1263;2019-01-26;-1.0
1264;2019-01-27;-1.0
1265;2019-01-28;-1.0
1266;2019-01-29;-1.0
1267;2019-01-30;-1.0
1268;2019-01-31;-1.0
1269;2019-02-01;-1.0
1270;2019-02-02;-1.0
1271;2019-02-03;-1.0
1272;2019-02-04;-1.0
1273;2019-02-05;-1.0
1274;2019-02-06;-1.0
1275;2019-02-07;-1.0
1276;2019-02-08;1.0
1277;2019-02-09;1.0
1278;2019-02-10;1.0
1279;2019-02-11;1.0
1280;2019-02-12;1.0
1281;2019-02-13;1.0
1282;2019-02-14;1.0
1283;2019-02-15;1.0
1284;2019-02-16;1.0
1285;2019-02-17;1.0
1286;2019-02-18;1.0
1287;2019-02-19;1.0
1288;2019-02-20;1.0
1289;2019-02-21;1.0
1290;2019-02-22;1.0
1291;2019-02-23;1.0
1292;2019-02-24;1.0
1293;2019-02-25;1.0
1294;2019-02-26;1.0
1295;2019-02-27;-1.0
1296;2019-02-28;-1.0
1297;2019-03-01;-1.0
1298;2019-03-02;-1.0
1299;2019-03-03;-1.0
1300;2019-03-04;-1.0
1301;2019-03-05;-1.0
1302;2019-03-06;1.0
1303;2019-03-07;1.0
1304;2019-03-08;-1.0
1305;2019-03-09;-1.0
1306;2019-03-10;-1.0
1307;2019-03-11;-1.0
1308;2019-03-12;-1.0
1309;2019-03-13;-1.0
1310;2019-03-14;-1.0
1311;2019-03-15;-1.0
1312;2019-03-16;1.0
1313;2019-03-17;1.0
1314;2019-03-18;1.0
1315;2019-03-19;1.0
1316;2019-03-20;1.0
1317;2019-03-21;1.0
1318;2019-03-22;1.0
1319;2019-03-23;1.0
1320;2019-03-24;1.0
1321;2019-03-25;1.0
1322;2019-03-26;-1.0
1323;2019-03-27;1.0
1324;2019-03-28;1.0
1325;2019-03-29;1.0
1326;2019-03-30;1.0
1327;2019-03-31;1.0
1328;2019-04-01;1.0
1329;2019-04-02;1.0
1330;2019-04-03;1.0
1331;2019-04-04;1.0
1332;2019-04-05;1.0
1333;2019-04-06;1.0
1334;2019-04-07;1.0
1335;2019-04-08;1.0
1336;2019-04-09;1.0
1337;2019-04-10;1.0
1338;2019-04-11;1.0
1339;2019-04-12;1.0
1340;2019-04-13;1.0
1341;2019-04-14;1.0
1342;2019-04-15;1.0
1343;2019-04-16;1.0
1344;2019-04-17;1.0
1345;2019-04-18;1.0
1346;2019-04-19;1.0
1347;2019-04-20;1.0
1348;2019-04-21;1.0
1349;2019-04-22;1.0
1350;2019-04-23;1.0
1351;2019-04-24;1.0
1352;2019-04-25;1.0
1353;2019-04-26;1.0
1354;2019-04-27;1.0
1355;2019-04-28;1.0
1356;2019-04-29;1.0
1357;2019-04-30;-1.0
1358;2019-05-01;-1.0
1359;2019-05-02;1.0
1360;2019-05-03;1.0
1361;2019-05-04;1.0
1362;2019-05-05;1.0
1363;2019-05-06;1.0
1364;2019-05-07;1.0
1365;2019-05-08;1.0
1366;2019-05-09;1.0
1367;2019-05-10;1.0
1368;2019-05-11;1.0
1369;2019-05-12;1.0
1370;2019-05-13;1.0
1371;2019-05-14;1.0
1372;2019-05-15;1.0
1373;2019-05-16;1.0
1374;2019-05-17;1.0
1375;2019-05-18;1.0
1376;2019-05-19;1.0
1377;2019-05-20;1.0
1378;2019-05-21;1.0
1379;2019-05-22;1.0
1380;2019-05-23;1.0
1381;2019-05-24;1.0
1382;2019-05-25;1.0
1383;2019-05-26;1.0
1384;2019-05-27;1.0
1385;2019-05-28;1.0
1386;2019-05-29;1.0
1387;2019-05-30;1.0
1388;2019-05-31;1.0
1389;2019-06-01;1.0
1390;2019-06-02;1.0
1391;2019-06-03;1.0
1392;2019-06-04;1.0
1393;2019-06-05;1.0
1394;2019-06-06;1.0
1395;2019-06-07;1.0
1396;2019-06-08;1.0
1397;2019-06-09;1.0
1398;2019-06-10;1.0
1399;2019-06-11;1.0
1400;2019-06-12;1.0
1401;2019-06-13;1.0
1402;2019-06-14;1.0
1403;2019-06-15;1.0
1404;2019-06-16;1.0
1405;2019-06-17;1.0
1406;2019-06-18;1.0
1407;2019-06-19;1.0
1408;2019-06-20;1.0
1409;2019-06-21;1.0
1410;2019-06-22;1.0
1411;2019-06-23;1.0
1412;2019-06-24;1.0
1413;2019-06-25;1.0
1414;2019-06-26;1.0
1415;2019-06-27;1.0
1416;2019-06-28;1.0
1417;2019-06-29;1.0
1418;2019-06-30;1.0
1419;2019-07-01;1.0
1420;2019-07-02;1.0
1421;2019-07-03;1.0
1422;2019-07-04;1.0
1423;2019-07-05;1.0
1424;2019-07-06;1.0
1425;2019-07-07;1.0
1426;2019-07-08;1.0
1427;2019-07-09;1.0
1428;2019-07-10;1.0
1429;2019-07-11;1.0
1430;2019-07-12;1.0
1431;2019-07-13;1.0
1432;2019-07-14;1.0
1433;2019-07-15;1.0
1434;2019-07-16;1.0
1435;2019-07-17;1.0
1436;2019-07-18;1.0
1437;2019-07-19;1.0
1438;2019-07-20;1.0
1439;2019-07-21;1.0
1440;2019-07-22;1.0
1441;2019-07-23;1.0
1442;2019-07-24;1.0
1443;2019-07-25;-1.0
1444;2019-07-26;-1.0
1445;2019-07-27;-1.0
1446;2019-07-28;-1.0
1447;2019-07-29;-1.0
1448;2019-07-30;-1.0
1449;2019-07-31;-1.0
1450;2019-08-01;-1.0
1451;2019-08-02;-1.0
1452;2019-08-03;-1.0
1453;2019-08-04;-1.0
1454;2019-08-05;1.0
1455;2019-08-06;1.0
1456;2019-08-07;1.0
1457;2019-08-08;1.0
1458;2019-08-09;-1.0
1459;2019-08-10;-1.0
1460;2019-08-11;-1.0
1461;2019-08-12;-1.0
1462;2019-08-13;-1.0
1463;2019-08-14;-1.0
1464;2019-08-15;-1.0
1465;2019-08-16;-1.0
1466;2019-08-17;-1.0
1467;2019-08-18;-1.0
1468;2019-08-19;-1.0
1469;2019-08-20;-1.0
1470;2019-08-21;-1.0
1471;2019-08-22;-1.0
1472;2019-08-23;-1.0
1473;2019-08-24;-1.0
1474;2019-08-25;-1.0
1475;2019-08-26;-1.0
1476;2019-08-27;-1.0
1477;2019-08-28;-1.0
1478;2019-08-29;-1.0
1479;2019-08-30;-1.0
1480;2019-08-31;-1.0
1481;2019-09-01;-1.0
1482;2019-09-02;-1.0
1483;2019-09-03;-1.0
1484;2019-09-04;-1.0
1485;2019-09-05;-1.0
1486;2019-09-06;-1.0
1487;2019-09-07;-1.0
1488;2019-09-08;-1.0
1489;2019-09-09;-1.0
1490;2019-09-10;-1.0
1491;2019-09-11;-1.0
1492;2019-09-12;-1.0
1493;2019-09-13;-1.0
1494;2019-09-14;-1.0
1495;2019-09-15;-1.0
1496;2019-09-16;-1.0
1497;2019-09-17;-1.0
1498;2019-09-18;-1.0
1499;2019-09-19;-1.0
1500;2019-09-20;-1.0
1501;2019-09-21;1.0
1502;2019-09-22;1.0
1503;2019-09-23;-1.0
1504;2019-09-24;-1.0
1505;2019-09-25;-1.0
1506;2019-09-26;-1.0
1507;2019-09-27;-1.0
1508;2019-09-28;-1.0
1509;2019-09-29;-1.0
1510;2019-09-30;-1.0
1511;2019-10-01;-1.0
1512;2019-10-02;-1.0
1513;2019-10-03;-1.0
1514;2019-10-04;-1.0
1515;2019-10-05;-1.0
1516;2019-10-06;-1.0
1517;2019-10-07;-1.0
1518;2019-10-08;1.0
1519;2019-10-09;1.0
1520;2019-10-10;1.0
1521;2019-10-11;1.0
1522;2019-10-12;-1.0
1523;2019-10-13;-1.0
1524;2019-10-14;1.0
1525;2019-10-15;-1.0
1526;2019-10-16;-1.0
1527;2019-10-17;-1.0
1528;2019-10-18;-1.0
1529;2019-10-19;-1.0
1530;2019-10-20;-1.0
1531;2019-10-21;-1.0
1532;2019-10-22;-1.0
1533;2019-10-23;-1.0
1534;2019-10-24;-1.0
1535;2019-10-25;1.0
1536;2019-10-26;1.0
1537;2019-10-27;1.0
1538;2019-10-28;1.0
1539;2019-10-29;1.0
1540;2019-10-30;1.0
1541;2019-10-31;1.0
1542;2019-11-01;1.0
1543;2019-11-02;1.0
1544;2019-11-03;1.0
1545;2019-11-04;1.0
1546;2019-11-05;1.0
1547;2019-11-06;1.0
1548;2019-11-07;1.0
1549;2019-11-08;-1.0
1550;2019-11-09;-1.0
1551;2019-11-10;1.0
1552;2019-11-11;1.0
1553;2019-11-12;1.0
1554;2019-11-13;1.0
1555;2019-11-14;1.0
1556;2019-11-15;-1.0
1557;2019-11-16;-1.0
1558;2019-11-17;-1.0
1559;2019-11-18;-1.0
1560;2019-11-19;-1.0
1561;2019-11-20;-1.0
1562;2019-11-21;-1.0
1563;2019-11-22;-1.0
1564;2019-11-23;-1.0
1565;2019-11-24;-1.0
1566;2019-11-25;-1.0
1567;2019-11-26;-1.0
1568;2019-11-27;-1.0
1569;2019-11-28;-1.0
1570;2019-11-29;-1.0
1571;2019-11-30;-1.0
1572;2019-12-01;-1.0
1573;2019-12-02;-1.0
1574;2019-12-03;-1.0
1575;2019-12-04;-1.0
1576;2019-12-05;-1.0
1577;2019-12-06;-1.0
1578;2019-12-07;-1.0
1579;2019-12-08;1.0
1580;2019-12-09;1.0
1581;2019-12-10;-1.0
1582;2019-12-11;-1.0
1583;2019-12-12;-1.0
1584;2019-12-13;-1.0
1585;2019-12-14;-1.0
1586;2019-12-15;-1.0
1587;2019-12-16;-1.0
1588;2019-12-17;-1.0
1589;2019-12-18;-1.0
1590;2019-12-19;-1.0
1591;2019-12-20;-1.0
1592;2019-12-21;-1.0
1593;2019-12-22;-1.0
1594;2019-12-23;-1.0
1595;2019-12-24;-1.0
1596;2019-12-25;-1.0
1597;2019-12-26;-1.0
1598;2019-12-27;-1.0
1599;2019-12-28;-1.0
1600;2019-12-29;-1.0
1601;2019-12-30;-1.0
1602;2019-12-31;-1.0
1603;2020-01-01;-1.0
1604;2020-01-02;-1.0
1605;2020-01-03;-1.0
1606;2020-01-04;-1.0
1607;2020-01-05;-1.0
1608;2020-01-06;-1.0
1609;2020-01-07;-1.0
1610;2020-01-08;-1.0
1611;2020-01-09;-1.0
1612;2020-01-10;-1.0
1613;2020-01-11;-1.0
1614;2020-01-12;-1.0
1615;2020-01-13;-1.0
1616;2020-01-14;1.0
1617;2020-01-15;1.0
1618;2020-01-16;1.0
1619;2020-01-17;1.0
1620;2020-01-18;1.0
1621;2020-01-19;1.0
1622;2020-01-20;1.0
1623;2020-01-21;1.0
1624;2020-01-22;1.0
1625;2020-01-23;1.0
1626;2020-01-24;-1.0
1627;2020-01-25;-1.0
1628;2020-01-26;1.0
1629;2020-01-27;1.0
1630;2020-01-28;1.0
1631;2020-01-29;1.0
1632;2020-01-30;1.0
1633;2020-01-31;1.0
1634;2020-02-01;1.0
1635;2020-02-02;1.0
1636;2020-02-03;1.0
1637;2020-02-04;1.0
1638;2020-02-05;1.0
1639;2020-02-06;1.0
1640;2020-02-07;1.0
1641;2020-02-08;1.0
1642;2020-02-09;1.0
1643;2020-02-10;1.0
1644;2020-02-11;1.0
1645;2020-02-12;1.0
1646;2020-02-13;1.0
1647;2020-02-14;1.0
1648;2020-02-15;1.0
1649;2020-02-16;1.0
1650;2020-02-17;1.0
1651;2020-02-18;1.0
1652;2020-02-19;1.0
1653;2020-02-20;1.0
1654;2020-02-21;1.0
1655;2020-02-22;1.0
1656;2020-02-23;1.0
1657;2020-02-24;1.0
1658;2020-02-25;1.0
1659;2020-02-26;1.0
1660;2020-02-27;1.0
1661;2020-02-28;1.0
1662;2020-02-29;1.0
1663;2020-03-01;1.0
1664;2020-03-02;1.0
1665;2020-03-03;1.0
1666;2020-03-04;1.0
1667;2020-03-05;1.0
1668;2020-03-06;1.0
1669;2020-03-07;1.0
1670;2020-03-08;1.0
1671;2020-03-09;1.0
1672;2020-03-10;1.0
1673;2020-03-11;1.0
1674;2020-03-12;1.0
1675;2020-03-13;1.0
1676;2020-03-14;1.0
1677;2020-03-15;-1.0
1678;2020-03-16;-1.0
1679;2020-03-17;-1.0
1680;2020-03-18;-1.0
1681;2020-03-19;-1.0
1682;2020-03-20;-1.0
1683;2020-03-21;-1.0
1684;2020-03-22;-1.0
1685;2020-03-23;-1.0
1686;2020-03-24;-1.0
1687;2020-03-25;-1.0
1688;2020-03-26;-1.0
1689;2020-03-27;-1.0
1690;2020-03-28;-1.0
1691;2020-03-29;-1.0
1692;2020-03-30;-1.0
1693;2020-03-31;-1.0
1694;2020-04-01;-1.0
1695;2020-04-02;-1.0
1696;2020-04-03;1.0
1697;2020-04-04;1.0
1698;2020-04-05;1.0
1699;2020-04-06;-1.0
1700;2020-04-07;-1.0
1701;2020-04-08;-1.0
1702;2020-04-09;1.0
1703;2020-04-10;1.0
1704;2020-04-11;1.0
1705;2020-04-12;1.0
1706;2020-04-13;1.0
1707;2020-04-14;1.0
1708;2020-04-15;-1.0
1709;2020-04-16;1.0
1710;2020-04-17;1.0
1711;2020-04-18;1.0
1712;2020-04-19;1.0
1713;2020-04-20;1.0
1714;2020-04-21;1.0
1715;2020-04-22;1.0
1716;2020-04-23;1.0
1717;2020-04-24;1.0
1718;2020-04-25;1.0
1719;2020-04-26;1.0
1720;2020-04-27;1.0
1721;2020-04-28;1.0
1722;2020-04-29;1.0
1723;2020-04-30;1.0
1724;2020-05-01;1.0
1725;2020-05-02;1.0
1726;2020-05-03;1.0
1727;2020-05-04;1.0
1728;2020-05-05;1.0
1729;2020-05-06;1.0
1730;2020-05-07;1.0
1731;2020-05-08;1.0
1732;2020-05-09;1.0
1733;2020-05-10;1.0
1734;2020-05-11;1.0
1735;2020-05-12;1.0
1736;2020-05-13;1.0
1737;2020-05-14;1.0
1738;2020-05-15;1.0
1739;2020-05-16;1.0
1740;2020-05-17;1.0
1741;2020-05-18;1.0
1742;2020-05-19;1.0
1743;2020-05-20;1.0
1744;2020-05-21;1.0
1745;2020-05-22;1.0
1746;2020-05-23;1.0
1747;2020-05-24;1.0
1748;2020-05-25;1.0
1749;2020-05-26;1.0
1750;2020-05-27;1.0
1751;2020-05-28;1.0
1752;2020-05-29;1.0
1753;2020-05-30;1.0
1754;2020-05-31;1.0
1755;2020-06-01;1.0
1756;2020-06-02;1.0
1757;2020-06-03;1.0
1758;2020-06-04;1.0
1759;2020-06-05;1.0
1760;2020-06-06;1.0
1761;2020-06-07;1.0
1762;2020-06-08;1.0
1763;2020-06-09;1.0
1764;2020-06-10;1.0
1765;2020-06-11;1.0
1766;2020-06-12;1.0
1767;2020-06-13;1.0
1768;2020-06-14;1.0
1769;2020-06-15;1.0
1770;2020-06-16;1.0
1771;2020-06-17;1.0
1772;2020-06-18;1.0
1773;2020-06-19;1.0
1774;2020-06-20;1.0
1775;2020-06-21;-1.0
1776;2020-06-22;1.0
1777;2020-06-23;1.0
1778;2020-06-24;1.0
1779;2020-06-25;1.0
1780;2020-06-26;1.0
1781;2020-06-27;-1.0
1782;2020-06-28;-1.0
1783;2020-06-29;-1.0
1784;2020-06-30;-1.0
1785;2020-07-01;-1.0
1786;2020-07-02;-1.0
1787;2020-07-03;-1.0
1788;2020-07-04;1.0
1789;2020-07-05;-1.0
1790;2020-07-06;1.0
1791;2020-07-07;1.0
1792;2020-07-08;1.0
1793;2020-07-09;1.0
1794;2020-07-10;1.0
1795;2020-07-11;1.0
1796;2020-07-12;1.0
1797;2020-07-13;1.0
1798;2020-07-14;1.0
1799;2020-07-15;1.0
1800;2020-07-16;-1.0
1801;2020-07-17;-1.0
1802;2020-07-18;1.0
1803;2020-07-19;1.0
1804;2020-07-20;1.0
1805;2020-07-21;1.0
1806;2020-07-22;1.0
1807;2020-07-23;1.0
1808;2020-07-24;1.0
1809;2020-07-25;1.0
1810;2020-07-26;1.0
1811;2020-07-27;1.0
1812;2020-07-28;1.0
1813;2020-07-29;1.0
1814;2020-07-30;1.0
1815;2020-07-31;1.0
1816;2020-08-01;1.0
1817;2020-08-02;1.0
1818;2020-08-03;1.0
1819;2020-08-04;1.0
1820;2020-08-05;1.0
1821;2020-08-06;1.0
1822;2020-08-07;1.0
1823;2020-08-08;1.0
1824;2020-08-09;1.0
1825;2020-08-10;1.0
1826;2020-08-11;1.0
1827;2020-08-12;1.0
1828;2020-08-13;1.0
1829;2020-08-14;1.0
1830;2020-08-15;1.0
1831;2020-08-16;1.0
1832;2020-08-17;1.0
1833;2020-08-18;1.0
1834;2020-08-19;1.0
1835;2020-08-20;1.0
1836;2020-08-21;1.0
1837;2020-08-22;1.0
1838;2020-08-23;1.0
1839;2020-08-24;1.0
1840;2020-08-25;1.0
1841;2020-08-26;1.0
1842;2020-08-27;1.0
1843;2020-08-28;1.0
1844;2020-08-29;1.0
1845;2020-08-30;1.0
1846;2020-08-31;1.0
1847;2020-09-01;1.0
1848;2020-09-02;1.0
1849;2020-09-03;1.0
1850;2020-09-04;1.0
1851;2020-09-05;1.0
1852;2020-09-06;1.0
1853;2020-09-07;1.0
1854;2020-09-08;1.0
1855;2020-09-09;-1.0
1856;2020-09-10;-1.0
1857;2020-09-11;-1.0
1858;2020-09-12;1.0
1859;2020-09-13;-1.0
1860;2020-09-14;-1.0
1861;2020-09-15;-1.0
1862;2020-09-16;-1.0
1863;2020-09-17;1.0
1864;2020-09-18;1.0
1865;2020-09-19;1.0
1866;2020-09-20;-1.0
1867;2020-09-21;-1.0
1868;2020-09-22;-1.0
1869;2020-09-23;-1.0
1870;2020-09-24;-1.0
1871;2020-09-25;-1.0
1872;2020-09-26;-1.0
1873;2020-09-27;-1.0
1874;2020-09-28;-1.0
1875;2020-09-29;-1.0
1876;2020-09-30;-1.0
1877;2020-10-01;1.0
1878;2020-10-02;-1.0
1879;2020-10-03;-1.0
1880;2020-10-04;1.0
1881;2020-10-05;1.0
1882;2020-10-06;-1.0
1883;2020-10-07;-1.0
1884;2020-10-08;-1.0
1885;2020-10-09;-1.0
1886;2020-10-10;1.0
1887;2020-10-11;1.0
1888;2020-10-12;1.0
1889;2020-10-13;1.0
1890;2020-10-14;1.0
1891;2020-10-15;1.0
1892;2020-10-16;-1.0
1893;2020-10-17;1.0
1894;2020-10-18;1.0
1895;2020-10-19;1.0
1896;2020-10-20;1.0
1897;2020-10-21;1.0
1898;2020-10-22;1.0
1899;2020-10-23;1.0
1900;2020-10-24;1.0
1901;2020-10-25;1.0
1902;2020-10-26;-1.0
1903;2020-10-27;-1.0
1904;2020-10-28;-1.0
1905;2020-10-29;-1.0
1906;2020-10-30;-1.0
1907;2020-10-31;-1.0
1908;2020-11-01;-1.0
1909;2020-11-02;-1.0
1910;2020-11-03;-1.0
1911;2020-11-04;1.0
1912;2020-11-05;1.0
1913;2020-11-06;1.0
1914;2020-11-07;1.0
1915;2020-11-08;1.0
1916;2020-11-09;1.0
1917;2020-11-10;1.0
1918;2020-11-11;1.0
1919;2020-11-12;1.0
1920;2020-11-13;1.0
1921;2020-11-14;1.0
1922;2020-11-15;1.0
1923;2020-11-16;1.0
1924;2020-11-17;1.0
1925;2020-11-18;1.0
1926;2020-11-19;1.0
1927;2020-11-20;1.0
1928;2020-11-21;1.0
1929;2020-11-22;1.0
1930;2020-11-23;1.0
1931;2020-11-24;1.0
1932;2020-11-25;1.0
1933;2020-11-26;1.0
1934;2020-11-27;1.0
1935;2020-11-28;1.0
1936;2020-11-29;1.0
1937;2020-11-30;1.0
1938;2020-12-01;1.0
1939;2020-12-02;1.0
1940;2020-12-03;1.0
1941;2020-12-04;1.0
1942;2020-12-05;1.0
1943;2020-12-06;1.0
1944;2020-12-07;1.0
1945;2020-12-08;1.0
1946;2020-12-09;1.0
1947;2020-12-10;1.0
1948;2020-12-11;1.0
1949;2020-12-12;1.0
1950;2020-12-13;1.0
1951;2020-12-14;1.0
1952;2020-12-15;1.0
1953;2020-12-16;1.0
1954;2020-12-17;1.0
1955;2020-12-18;1.0
1956;2020-12-19;1.0
1957;2020-12-20;1.0
1958;2020-12-21;1.0
1959;2020-12-22;1.0
1960;2020-12-23;1.0
1961;2020-12-24;1.0
1962;2020-12-25;1.0
1963;2020-12-26;1.0
1964;2020-12-27;1.0
1965;2020-12-28;1.0
1966;2020-12-29;1.0
1967;2020-12-30;1.0
1968;2020-12-31;1.0
1969;2021-01-01;1.0
1970;2021-01-02;1.0
1971;2021-01-03;1.0
1972;2021-01-04;1.0
1973;2021-01-05;1.0
1974;2021-01-06;1.0
1975;2021-01-07;1.0
1976;2021-01-08;1.0
1977;2021-01-09;1.0
1978;2021-01-10;1.0
1979;2021-01-11;1.0
1980;2021-01-12;1.0
1981;2021-01-13;1.0
1982;2021-01-14;1.0
1983;2021-01-15;1.0
1984;2021-01-16;1.0
1985;2021-01-17;1.0
1986;2021-01-18;1.0
1987;2021-01-19;1.0
1988;2021-01-20;1.0
1989;2021-01-21;1.0
1990;2021-01-22;1.0
1991;2021-01-23;1.0
1992;2021-01-24;1.0
1993;2021-01-25;1.0
1994;2021-01-26;1.0
1995;2021-01-27;1.0
1996;2021-01-28;1.0
1997;2021-01-29;1.0
1998;2021-01-30;1.0
1999;2021-01-31;1.0
2000;2021-02-01;1.0
2001;2021-02-02;1.0
2002;2021-02-03;1.0
2003;2021-02-04;1.0
2004;2021-02-05;1.0
2005;2021-02-06;1.0
2006;2021-02-07;1.0
2007;2021-02-08;1.0
2008;2021-02-09;1.0
2009;2021-02-10;1.0
2010;2021-02-11;1.0
2011;2021-02-12;1.0
2012;2021-02-13;1.0
2013;2021-02-14;1.0
2014;2021-02-15;1.0
2015;2021-02-16;1.0
2016;2021-02-17;1.0
2017;2021-02-18;1.0
2018;2021-02-19;1.0
2019;2021-02-20;1.0
2020;2021-02-21;1.0
2021;2021-02-22;1.0
2022;2021-02-23;1.0
2023;2021-02-24;1.0
2024;2021-02-25;1.0
2025;2021-02-26;1.0
2026;2021-02-27;1.0
2027;2021-02-28;1.0
2028;2021-03-01;1.0
2029;2021-03-02;1.0
2030;2021-03-03;1.0
2031;2021-03-04;1.0
2032;2021-03-05;-1.0
2033;2021-03-06;1.0
2034;2021-03-07;1.0
2035;2021-03-08;1.0
2036;2021-03-09;1.0
2037;2021-03-10;1.0
2038;2021-03-11;1.0
2039;2021-03-12;1.0
2040;2021-03-13;1.0
2041;2021-03-14;1.0
2042;2021-03-15;1.0
2043;2021-03-16;1.0
2044;2021-03-17;1.0
2045;2021-03-18;1.0
2046;2021-03-19;-1.0
2047;2021-03-20;1.0
2048;2021-03-21;-1.0
2049;2021-03-22;-1.0
2050;2021-03-23;-1.0
2051;2021-03-24;-1.0
2052;2021-03-25;-1.0
2053;2021-03-26;-1.0
2054;2021-03-27;-1.0
2055;2021-03-28;-1.0
2056;2021-03-29;1.0
2057;2021-03-30;1.0
2058;2021-03-31;1.0
2059;2021-04-01;1.0
2060;2021-04-02;1.0
2061;2021-04-03;1.0
2062;2021-04-04;1.0
2063;2021-04-05;1.0
2064;2021-04-06;1.0
2065;2021-04-07;1.0
2066;2021-04-08;1.0
2067;2021-04-09;1.0
2068;2021-04-10;1.0
2069;2021-04-11;1.0
2070;2021-04-12;1.0
2071;2021-04-13;1.0
2072;2021-04-14;1.0
2073;2021-04-15;1.0
2074;2021-04-16;1.0
2075;2021-04-17;1.0
2076;2021-04-18;1.0
2077;2021-04-19;1.0
2078;2021-04-20;1.0
2079;2021-04-21;1.0
2080;2021-04-22;1.0
2081;2021-04-23;1.0
2082;2021-04-24;1.0
2083;2021-04-25;1.0
2084;2021-04-26;1.0
2085;2021-04-27;1.0
2086;2021-04-28;1.0
2087;2021-04-29;1.0
2088;2021-04-30;1.0
2089;2021-05-01;1.0
2090;2021-05-02;1.0
2091;2021-05-03;1.0
2092;2021-05-04;1.0
2093;2021-05-05;1.0
2094;2021-05-06;1.0
2095;2021-05-07;1.0
2096;2021-05-08;1.0
2097;2021-05-09;1.0
2098;2021-05-10;1.0
2099;2021-05-11;1.0
2100;2021-05-12;1.0
2101;2021-05-13;1.0
2102;2021-05-14;1.0
2103;2021-05-15;1.0
2104;2021-05-16;1.0
2105;2021-05-17;1.0
2106;2021-05-18;1.0
2107;2021-05-19;1.0
2108;2021-05-20;1.0
2109;2021-05-21;1.0
2110;2021-05-22;1.0
2111;2021-05-23;1.0
2112;2021-05-24;1.0
2113;2021-05-25;1.0
2114;2021-05-26;1.0
2115;2021-05-27;1.0
2116;2021-05-28;1.0
2117;2021-05-29;1.0
2118;2021-05-30;1.0
2119;2021-05-31;1.0
2120;2021-06-01;1.0
2121;2021-06-02;1.0
2122;2021-06-03;1.0
2123;2021-06-04;1.0
2124;2021-06-05;1.0
2125;2021-06-06;-1.0
2126;2021-06-07;1.0
2127;2021-06-08;-1.0
2128;2021-06-09;-1.0
2129;2021-06-10;-1.0
2130;2021-06-11;-1.0
2131;2021-06-12;-1.0
2132;2021-06-13;-1.0
2133;2021-06-14;-1.0
2134;2021-06-15;1.0
2135;2021-06-16;-1.0
2136;2021-06-17;-1.0
2137;2021-06-18;-1.0
2138;2021-06-19;-1.0
2139;2021-06-20;-1.0
2140;2021-06-21;-1.0
2141;2021-06-22;-1.0
2142;2021-06-23;-1.0
2143;2021-06-24;-1.0
2144;2021-06-25;-1.0
2145;2021-06-26;-1.0
2146;2021-06-27;-1.0
2147;2021-06-28;-1.0
2148;2021-06-29;-1.0
2149;2021-06-30;-1.0
2150;2021-07-01;-1.0
2151;2021-07-02;-1.0
2152;2021-07-03;-1.0
2153;2021-07-04;-1.0
2154;2021-07-05;-1.0
2155;2021-07-06;-1.0
2156;2021-07-07;-1.0
2157;2021-07-08;-1.0
2158;2021-07-09;-1.0
2159;2021-07-10;-1.0
2160;2021-07-11;-1.0
2161;2021-07-12;-1.0
2162;2021-07-13;-1.0
2163;2021-07-14;-1.0
2164;2021-07-15;-1.0
2165;2021-07-16;-1.0
2166;2021-07-17;-1.0
2167;2021-07-18;-1.0
2168;2021-07-19;-1.0
2169;2021-07-20;-1.0
2170;2021-07-21;-1.0
2171;2021-07-22;-1.0
2172;2021-07-23;-1.0
2173;2021-07-24;-1.0
2174;2021-07-25;-1.0
2175;2021-07-26;-1.0
2176;2021-07-27;-1.0
2177;2021-07-28;-1.0
2178;2021-07-29;-1.0
2179;2021-07-30;1.0
2180;2021-07-31;1.0
2181;2021-08-01;1.0
2182;2021-08-02;1.0
2183;2021-08-03;1.0
2184;2021-08-04;1.0
2185;2021-08-05;1.0
2186;2021-08-06;1.0
2187;2021-08-07;1.0
2188;2021-08-08;1.0
2189;2021-08-09;1.0
2190;2021-08-10;1.0
2191;2021-08-11;1.0
2192;2021-08-12;1.0
2193;2021-08-13;1.0
2194;2021-08-14;1.0
2195;2021-08-15;1.0
2196;2021-08-16;1.0
2197;2021-08-17;1.0
2198;2021-08-18;1.0
2199;2021-08-19;-1.0
2200;2021-08-20;1.0
2201;2021-08-21;1.0
2202;2021-08-22;1.0
2203;2021-08-23;1.0
2204;2021-08-24;1.0
2205;2021-08-25;1.0
2206;2021-08-26;1.0
2207;2021-08-27;1.0
2208;2021-08-28;1.0
2209;2021-08-29;1.0
2210;2021-08-30;1.0
2211;2021-08-31;1.0
2212;2021-09-01;1.0
2213;2021-09-02;1.0
2214;2021-09-03;1.0
2215;2021-09-04;1.0
2216;2021-09-05;1.0
2217;2021-09-06;1.0
2218;2021-09-07;1.0
2219;2021-09-08;1.0
2220;2021-09-09;1.0
2221;2021-09-10;1.0
2222;2021-09-11;1.0
2223;2021-09-12;1.0
2224;2021-09-13;1.0
2225;2021-09-14;1.0
2226;2021-09-15;1.0
2227;2021-09-16;1.0
2228;2021-09-17;1.0
2229;2021-09-18;1.0
2230;2021-09-19;1.0
2231;2021-09-20;1.0
2232;2021-09-21;1.0
2233;2021-09-22;-1.0
2234;2021-09-23;-1.0
2235;2021-09-24;-1.0
2236;2021-09-25;-1.0
2237;2021-09-26;-1.0
2238;2021-09-27;-1.0
2239;2021-09-28;-1.0
2240;2021-09-29;-1.0
2241;2021-09-30;-1.0
2242;2021-10-01;1.0
2243;2021-10-02;1.0
2244;2021-10-03;1.0
2245;2021-10-04;1.0
2246;2021-10-05;1.0
2247;2021-10-06;1.0
2248;2021-10-07;1.0
2249;2021-10-08;1.0
2250;2021-10-09;1.0
2251;2021-10-10;1.0
2252;2021-10-11;-1.0
2253;2021-10-12;-1.0
2254;2021-10-13;1.0
2255;2021-10-14;1.0
2256;2021-10-15;1.0
2257;2021-10-16;1.0
2258;2021-10-17;1.0
2259;2021-10-18;1.0
2260;2021-10-19;1.0
2261;2021-10-20;1.0
2262;2021-10-21;1.0
2263;2021-10-22;1.0
2264;2021-10-23;1.0
2265;2021-10-24;1.0
2266;2021-10-25;1.0
2267;2021-10-26;1.0
2268;2021-10-27;1.0
2269;2021-10-28;1.0
2270;2021-10-29;1.0
2271;2021-10-30;1.0
2272;2021-10-31;1.0
2273;2021-11-01;1.0
2274;2021-11-02;1.0
2275;2021-11-03;1.0
2276;2021-11-04;1.0
2277;2021-11-05;1.0
2278;2021-11-06;1.0
2279;2021-11-07;1.0
2280;2021-11-08;1.0
2281;2021-11-09;1.0
2282;2021-11-10;1.0
2283;2021-11-11;1.0
2284;2021-11-12;1.0
2285;2021-11-13;1.0
2286;2021-11-14;1.0
2287;2021-11-15;1.0
2288;2021-11-16;1.0
2289;2021-11-17;1.0
2290;2021-11-18;1.0
2291;2021-11-19;1.0
2292;2021-11-20;1.0
2293;2021-11-21;1.0
2294;2021-11-22;1.0
2295;2021-11-23;1.0
2296;2021-11-24;1.0
2297;2021-11-25;1.0
2298;2021-11-26;1.0
2299;2021-11-27;1.0
2300;2021-11-28;1.0
2301;2021-11-29;1.0
2302;2021-11-30;1.0
2303;2021-12-01;1.0
2304;2021-12-02;1.0
2305;2021-12-03;1.0
2306;2021-12-04;-1.0
2307;2021-12-05;-1.0
2308;2021-12-06;-1.0
2309;2021-12-07;-1.0
2310;2021-12-08;-1.0
2311;2021-12-09;-1.0
2312;2021-12-10;-1.0
2313;2021-12-11;-1.0
2314;2021-12-12;-1.0
2315;2021-12-13;-1.0
2316;2021-12-14;-1.0
2317;2021-12-15;-1.0
2318;2021-12-16;-1.0
2319;2021-12-17;-1.0
2320;2021-12-18;-1.0
2321;2021-12-19;-1.0
2322;2021-12-20;-1.0
2323;2021-12-21;-1.0
2324;2021-12-22;-1.0
2325;2021-12-23;-1.0
2326;2021-12-24;-1.0
2327;2021-12-25;-1.0
2328;2021-12-26;-1.0
2329;2021-12-27;-1.0
2330;2021-12-28;-1.0
2331;2021-12-29;-1.0
2332;2021-12-30;-1.0
2333;2021-12-31;-1.0
2334;2022-01-01;-1.0
2335;2022-01-02;-1.0
2336;2022-01-03;-1.0
2337;2022-01-04;-1.0
2338;2022-01-05;-1.0
2339;2022-01-06;-1.0
2340;2022-01-07;-1.0
2341;2022-01-08;-1.0
2342;2022-01-09;-1.0
2343;2022-01-10;-1.0
2344;2022-01-11;-1.0
2345;2022-01-12;-1.0
2346;2022-01-13;-1.0
2347;2022-01-14;-1.0
2348;2022-01-15;-1.0
2349;2022-01-16;-1.0
2350;2022-01-17;-1.0
2351;2022-01-18;-1.0
2352;2022-01-19;-1.0
2353;2022-01-20;-1.0
2354;2022-01-21;-1.0
2355;2022-01-22;-1.0
2356;2022-01-23;-1.0
2357;2022-01-24;-1.0
2358;2022-01-25;-1.0
2359;2022-01-26;-1.0
2360;2022-01-27;-1.0
2361;2022-01-28;-1.0
2362;2022-01-29;-1.0
2363;2022-01-30;-1.0
2364;2022-01-31;-1.0
2365;2022-02-01;-1.0
2366;2022-02-02;-1.0
2367;2022-02-03;-1.0
2368;2022-02-04;-1.0
2369;2022-02-05;-1.0
2370;2022-02-06;-1.0
2371;2022-02-07;-1.0
2372;2022-02-08;-1.0
2373;2022-02-09;-1.0
2374;2022-02-10;-1.0
2375;2022-02-11;-1.0
2376;2022-02-12;-1.0
2377;2022-02-13;-1.0
2378;2022-02-14;-1.0
2379;2022-02-15;-1.0
2380;2022-02-16;-1.0
2381;2022-02-17;-1.0
2382;2022-02-18;-1.0
2383;2022-02-19;-1.0
2384;2022-02-20;-1.0
2385;2022-02-21;-1.0
2386;2022-02-22;-1.0
2387;2022-02-23;-1.0
2388;2022-02-24;-1.0
2389;2022-02-25;-1.0
2390;2022-02-26;-1.0
2391;2022-02-27;-1.0
2392;2022-02-28;-1.0
2393;2022-03-01;-1.0
2394;2022-03-02;-1.0
2395;2022-03-03;-1.0
2396;2022-03-04;-1.0
2397;2022-03-05;-1.0
2398;2022-03-06;-1.0
2399;2022-03-07;-1.0
2400;2022-03-08;-1.0
2401;2022-03-09;-1.0
2402;2022-03-10;-1.0
2403;2022-03-11;-1.0
2404;2022-03-12;-1.0
2405;2022-03-13;-1.0
2406;2022-03-14;-1.0
2407;2022-03-15;-1.0
2408;2022-03-16;1.0
2409;2022-03-17;1.0
2410;2022-03-18;1.0
2411;2022-03-19;1.0
2412;2022-03-20;1.0
2413;2022-03-21;1.0
2414;2022-03-22;1.0
2415;2022-03-23;1.0
2416;2022-03-24;1.0
2417;2022-03-25;1.0
2418;2022-03-26;1.0
2419;2022-03-27;1.0
2420;2022-03-28;1.0
2421;2022-03-29;1.0
2422;2022-03-30;1.0
2423;2022-03-31;1.0
2424;2022-04-01;1.0
2425;2022-04-02;1.0
2426;2022-04-03;1.0
2427;2022-04-04;1.0
2428;2022-04-05;1.0
2429;2022-04-06;1.0
2430;2022-04-07;1.0
2431;2022-04-08;1.0
2432;2022-04-09;1.0
2433;2022-04-10;1.0
2434;2022-04-11;1.0
2435;2022-04-12;1.0
2436;2022-04-13;1.0
2437;2022-04-14;1.0
2438;2022-04-15;1.0
2439;2022-04-16;-1.0
2440;2022-04-17;1.0
2441;2022-04-18;1.0
2442;2022-04-19;1.0
2443;2022-04-20;1.0
2444;2022-04-21;1.0
2445;2022-04-22;1.0
2446;2022-04-23;-1.0
2447;2022-04-24;-1.0
2448;2022-04-25;-1.0
2449;2022-04-26;1.0
2450;2022-04-27;-1.0
2451;2022-04-28;-1.0
2452;2022-04-29;-1.0
2453;2022-04-30;-1.0
2454;2022-05-01;-1.0
2455;2022-05-02;-1.0
2456;2022-05-03;-1.0
2457;2022-05-04;1.0
2458;2022-05-05;-1.0
2459;2022-05-06;-1.0
2460;2022-05-07;-1.0
2461;2022-05-08;-1.0
2462;2022-05-09;-1.0
2463;2022-05-10;-1.0
2464;2022-05-11;-1.0
2465;2022-05-12;-1.0
2466;2022-05-13;-1.0
2467;2022-05-14;-1.0
2468;2022-05-15;-1.0
2469;2022-05-16;-1.0
2470;2022-05-17;-1.0
2471;2022-05-18;-1.0
2472;2022-05-19;-1.0
2473;2022-05-20;-1.0
2474;2022-05-21;-1.0
2475;2022-05-22;-1.0
2476;2022-05-23;-1.0
2477;2022-05-24;-1.0
2478;2022-05-25;-1.0
2479;2022-05-26;-1.0
2480;2022-05-27;-1.0
2481;2022-05-28;-1.0
2482;2022-05-29;-1.0
2483;2022-05-30;-1.0
2484;2022-05-31;-1.0
2485;2022-06-01;-1.0
2486;2022-06-02;-1.0
2487;2022-06-03;-1.0
2488;2022-06-04;-1.0
2489;2022-06-05;-1.0
2490;2022-06-06;-1.0
2491;2022-06-07;-1.0
2492;2022-06-08;-1.0
2493;2022-06-09;-1.0
2494;2022-06-10;-1.0
2495;2022-06-11;-1.0
2496;2022-06-12;-1.0
2497;2022-06-13;-1.0
2498;2022-06-14;-1.0
2499;2022-06-15;-1.0
2500;2022-06-16;-1.0
2501;2022-06-17;-1.0
2502;2022-06-18;-1.0
2503;2022-06-19;-1.0
2504;2022-06-20;-1.0
2505;2022-06-21;-1.0
2506;2022-06-22;-1.0
2507;2022-06-23;-1.0
2508;2022-06-24;-1.0
2509;2022-06-25;-1.0
2510;2022-06-26;-1.0
2511;2022-06-27;-1.0
2512;2022-06-28;-1.0
2513;2022-06-29;-1.0
2514;2022-06-30;-1.0
2515;2022-07-01;-1.0
2516;2022-07-02;-1.0
2517;2022-07-03;-1.0
2518;2022-07-04;-1.0
2519;2022-07-05;-1.0
2520;2022-07-06;-1.0
2521;2022-07-07;-1.0
2522;2022-07-08;-1.0
2523;2022-07-09;-1.0
2524;2022-07-10;-1.0
2525;2022-07-11;-1.0
2526;2022-07-12;-1.0
2527;2022-07-13;-1.0
2528;2022-07-14;-1.0
2529;2022-07-15;-1.0
2530;2022-07-16;-1.0
2531;2022-07-17;-1.0
2532;2022-07-18;-1.0
2533;2022-07-19;-1.0
2534;2022-07-20;-1.0
2535;2022-07-21;-1.0
2536;2022-07-22;-1.0
2537;2022-07-23;1.0
2538;2022-07-24;1.0
2539;2022-07-25;1.0
2540;2022-07-26;-1.0
2541;2022-07-27;1.0
2542;2022-07-28;1.0
2543;2022-07-29;1.0
2544;2022-07-30;1.0
2545;2022-07-31;1.0
2546;2022-08-01;1.0
2547;2022-08-02;1.0
2548;2022-08-03;1.0
2549;2022-08-04;1.0
2550;2022-08-05;1.0
2551;2022-08-06;1.0
2552;2022-08-07;1.0
2553;2022-08-08;1.0
2554;2022-08-09;1.0
2555;2022-08-10;1.0
2556;2022-08-11;1.0
2557;2022-08-12;1.0
2558;2022-08-13;1.0
2559;2022-08-14;1.0
2560;2022-08-15;1.0
2561;2022-08-16;1.0
2562;2022-08-17;1.0
2563;2022-08-18;1.0
2564;2022-08-19;1.0
2565;2022-08-20;1.0
2566;2022-08-21;1.0
2567;2022-08-22;1.0
2568;2022-08-23;1.0
2569;2022-08-24;1.0
2570;2022-08-25;1.0
2571;2022-08-26;1.0
2572;2022-08-27;1.0
2573;2022-08-28;1.0
2574;2022-08-29;1.0
2575;2022-08-30;-1.0
2576;2022-08-31;-1.0
2577;2022-09-01;-1.0
2578;2022-09-02;1.0
2579;2022-09-03;1.0
2580;2022-09-04;1.0
2581;2022-09-05;1.0
2582;2022-09-06;1.0
2583;2022-09-07;1.0
2584;2022-09-08;1.0
2585;2022-09-09;1.0
2586;2022-09-10;1.0
2587;2022-09-11;1.0
2588;2022-09-12;1.0
2589;2022-09-13;-1.0
2590;2022-09-14;-1.0
2591;2022-09-15;-1.0
2592;2022-09-16;-1.0
2593;2022-09-17;-1.0
2594;2022-09-18;-1.0
2595;2022-09-19;-1.0
2596;2022-09-20;-1.0
2597;2022-09-21;-1.0
2598;2022-09-22;-1.0
2599;2022-09-23;-1.0
2600;2022-09-24;-1.0
2601;2022-09-25;-1.0
2602;2022-09-26;-1.0
2603;2022-09-27;-1.0
2604;2022-09-28;-1.0
2605;2022-09-29;-1.0
2606;2022-09-30;-1.0
2607;2022-10-01;-1.0
2608;2022-10-02;-1.0
2609;2022-10-03;-1.0
2610;2022-10-04;1.0
2611;2022-10-05;-1.0
2612;2022-10-06;1.0
2613;2022-10-07;-1.0
2614;2022-10-08;-1.0
2615;2022-10-09;-1.0
2616;2022-10-10;-1.0
2617;2022-10-11;-1.0
2618;2022-10-12;-1.0
2619;2022-10-13;-1.0
2620;2022-10-14;-1.0
2621;2022-10-15;-1.0
2622;2022-10-16;-1.0
2623;2022-10-17;-1.0
2624;2022-10-18;-1.0
2625;2022-10-19;-1.0
2626;2022-10-20;-1.0
2627;2022-10-21;-1.0
2628;2022-10-22;-1.0
2629;2022-10-23;-1.0
2630;2022-10-24;-1.0
2631;2022-10-25;-1.0
2632;2022-10-26;-1.0
2633;2022-10-27;-1.0
2634;2022-10-28;-1.0
2635;2022-10-29;1.0
2636;2022-10-30;1.0
2637;2022-10-31;1.0
2638;2022-11-01;1.0
2639;2022-11-02;1.0
2640;2022-11-03;1.0
2641;2022-11-04;1.0
2642;2022-11-05;1.0
2643;2022-11-06;1.0
2644;2022-11-07;1.0
2645;2022-11-08;-1.0
2646;2022-11-09;-1.0
2647;2022-11-10;-1.0
2648;2022-11-11;-1.0
2649;2022-11-12;-1.0
2650;2022-11-13;-1.0
2651;2022-11-14;-1.0
2652;2022-11-15;-1.0
2653;2022-11-16;-1.0
2654;2022-11-17;-1.0
2655;2022-11-18;-1.0
2656;2022-11-19;-1.0
2657;2022-11-20;-1.0
2658;2022-11-21;-1.0
2659;2022-11-22;-1.0
2660;2022-11-23;-1.0
2661;2022-11-24;-1.0
2662;2022-11-25;-1.0
2663;2022-11-26;-1.0
2664;2022-11-27;-1.0
2665;2022-11-28;-1.0
2666;2022-11-29;-1.0
2667;2022-11-30;1.0
2668;2022-12-01;1.0
2669;2022-12-02;1.0
2670;2022-12-03;1.0
2671;2022-12-04;1.0
2672;2022-12-05;1.0
2673;2022-12-06;1.0
2674;2022-12-07;-1.0
2675;2022-12-08;1.0
2676;2022-12-09;1.0
2677;2022-12-10;1.0
2678;2022-12-11;1.0
2679;2022-12-12;-1.0
2680;2022-12-13;1.0
2681;2022-12-14;1.0
2682;2022-12-15;1.0
2683;2022-12-16;-1.0
2684;2022-12-17;-1.0
2685;2022-12-18;-1.0
2686;2022-12-19;-1.0
2687;2022-12-20;-1.0
2688;2022-12-21;-1.0
2689;2022-12-22;-1.0
2690;2022-12-23;-1.0
2691;2022-12-24;-1.0
2692;2022-12-25;-1.0
2693;2022-12-26;-1.0
2694;2022-12-27;-1.0
2695;2022-12-28;-1.0
2696;2022-12-29;-1.0
2697;2022-12-30;-1.0
2698;2022-12-31;-1.0
2699;2023-01-01;-1.0
2700;2023-01-02;1.0
2701;2023-01-03;1.0
2702;2023-01-04;1.0
2703;2023-01-05;1.0
2704;2023-01-06;1.0
2705;2023-01-07;1.0
2706;2023-01-08;1.0
2707;2023-01-09;1.0
2708;2023-01-10;1.0
2709;2023-01-11;1.0
2710;2023-01-12;1.0
2711;2023-01-13;1.0
2712;2023-01-14;1.0
2713;2023-01-15;1.0
2714;2023-01-16;1.0
2715;2023-01-17;1.0
2716;2023-01-18;1.0
2717;2023-01-19;1.0
2718;2023-01-20;1.0
2719;2023-01-21;1.0
2720;2023-01-22;1.0
2721;2023-01-23;1.0
2722;2023-01-24;1.0
2723;2023-01-25;1.0
2724;2023-01-26;1.0
2725;2023-01-27;1.0
2726;2023-01-28;1.0
2727;2023-01-29;1.0
2728;2023-01-30;1.0
2729;2023-01-31;1.0
2730;2023-02-01;1.0
2731;2023-02-02;1.0
2732;2023-02-03;1.0
2733;2023-02-04;1.0
2734;2023-02-05;1.0
2735;2023-02-06;1.0
2736;2023-02-07;1.0
2737;2023-02-08;1.0
2738;2023-02-09;1.0
2739;2023-02-10;1.0
2740;2023-02-11;1.0
2741;2023-02-12;1.0
2742;2023-02-13;1.0
2743;2023-02-14;1.0
2744;2023-02-15;1.0
2745;2023-02-16;1.0
2746;2023-02-17;1.0
2747;2023-02-18;1.0
2748;2023-02-19;1.0
2749;2023-02-20;1.0
2750;2023-02-21;1.0
2751;2023-02-22;1.0
2752;2023-02-23;1.0
2753;2023-02-24;1.0
2754;2023-02-25;1.0
2755;2023-02-26;1.0
2756;2023-02-27;1.0
2757;2023-02-28;1.0
2758;2023-03-01;1.0
2759;2023-03-02;1.0
2760;2023-03-03;-1.0
2761;2023-03-04;-1.0
2762;2023-03-05;-1.0
2763;2023-03-06;-1.0
2764;2023-03-07;-1.0
2765;2023-03-08;-1.0
2766;2023-03-09;-1.0
2767;2023-03-10;-1.0
2768;2023-03-11;-1.0
2769;2023-03-12;1.0
2770;2023-03-13;1.0
2771;2023-03-14;1.0
2772;2023-03-15;1.0
2773;2023-03-16;1.0
2774;2023-03-17;1.0
2775;2023-03-18;1.0
2776;2023-03-19;1.0
2777;2023-03-20;1.0
2778;2023-03-21;1.0
2779;2023-03-22;1.0
2780;2023-03-23;1.0
2781;2023-03-24;1.0
2782;2023-03-25;1.0
2783;2023-03-26;1.0
2784;2023-03-27;1.0
2785;2023-03-28;1.0
2786;2023-03-29;1.0
2787;2023-03-30;1.0
2788;2023-03-31;1.0
2789;2023-04-01;1.0
2790;2023-04-02;-1.0
2791;2023-04-03;1.0
2792;2023-04-04;1.0
2793;2023-04-05;1.0
2794;2023-04-06;1.0
2795;2023-04-07;1.0
2796;2023-04-08;1.0
2797;2023-04-09;1.0
2798;2023-04-10;1.0
2799;2023-04-11;1.0
2800;2023-04-12;1.0
2801;2023-04-13;1.0
2802;2023-04-14;1.0
2803;2023-04-15;1.0
2804;2023-04-16;1.0
2805;2023-04-17;1.0
2806;2023-04-18;1.0
2807;2023-04-19;1.0
2808;2023-04-20;1.0
2809;2023-04-21;1.0
2810;2023-04-22;1.0
2811;2023-04-23;1.0
2812;2023-04-24;1.0
2813;2023-04-25;1.0
2814;2023-04-26;1.0
2815;2023-04-27;1.0
2816;2023-04-28;1.0
2817;2023-04-29;1.0
2818;2023-04-30;1.0
2819;2023-05-01;1.0
2820;2023-05-02;1.0
2821;2023-05-03;1.0
2822;2023-05-04;1.0
2823;2023-05-05;1.0
2824;2023-05-06;1.0
2825;2023-05-07;1.0
2826;2023-05-08;1.0
2827;2023-05-09;-1.0
2828;2023-05-10;-1.0
2829;2023-05-11;-1.0
2830;2023-05-12;-1.0
2831;2023-05-13;-1.0
2832;2023-05-14;-1.0
2833;2023-05-15;-1.0
2834;2023-05-16;-1.0
2835;2023-05-17;-1.0
2836;2023-05-18;-1.0
2837;2023-05-19;-1.0
2838;2023-05-20;-1.0
2839;2023-05-21;-1.0
2840;2023-05-22;-1.0
2841;2023-05-23;1.0
2842;2023-05-24;-1.0
2843;2023-05-25;-1.0
2844;2023-05-26;-1.0
2845;2023-05-27;-1.0
2846;2023-05-28;-1.0
2847;2023-05-29;-1.0
2848;2023-05-30;-1.0
2849;2023-05-31;-1.0
2850;2023-06-01;-1.0
2851;2023-06-02;-1.0
2852;2023-06-03;1.0
2853;2023-06-04;1.0
2854;2023-06-05;-1.0
2855;2023-06-06;-1.0
2856;2023-06-07;-1.0
2857;2023-06-08;-1.0
2858;2023-06-09;-1.0
2859;2023-06-10;-1.0
2860;2023-06-11;-1.0
2861;2023-06-12;-1.0
2862;2023-06-13;-1.0
2863;2023-06-14;-1.0
2864;2023-06-15;-1.0
2865;2023-06-16;-1.0
2866;2023-06-17;-1.0
2867;2023-06-18;-1.0
2868;2023-06-19;-1.0
2869;2023-06-20;-1.0
2870;2023-06-21;-1.0
2871;2023-06-22;1.0
2872;2023-06-23;1.0
2873;2023-06-24;1.0
2874;2023-06-25;1.0
2875;2023-06-26;1.0
2876;2023-06-27;1.0
2877;2023-06-28;-1.0
2878;2023-06-29;-1.0
2879;2023-06-30;1.0
2880;2023-07-01;1.0
2881;2023-07-02;1.0
2882;2023-07-03;1.0
2883;2023-07-04;1.0
2884;2023-07-05;-1.0
2885;2023-07-06;-1.0
2886;2023-07-07;-1.0
2887;2023-07-08;-1.0
2888;2023-07-09;-1.0
2889;2023-07-10;-1.0
2890;2023-07-11;-1.0
2891;2023-07-12;1.0
2892;2023-07-13;1.0
2893;2023-07-14;1.0
2894;2023-07-15;1.0
2895;2023-07-16;1.0
2896;2023-07-17;1.0
2897;2023-07-18;1.0
2898;2023-07-19;1.0
2899;2023-07-20;1.0
2900;2023-07-21;1.0
2901;2023-07-22;-1.0
2902;2023-07-23;-1.0
2903;2023-07-24;-1.0
2904;2023-07-25;-1.0
2905;2023-07-26;-1.0
2906;2023-07-27;-1.0
2907;2023-07-28;-1.0
2908;2023-07-29;1.0
2909;2023-07-30;-1.0
2910;2023-07-31;-1.0
2911;2023-08-01;-1.0
2912;2023-08-02;-1.0
2913;2023-08-03;-1.0
2914;2023-08-04;-1.0
2915;2023-08-05;-1.0
2916;2023-08-06;-1.0
2917;2023-08-07;-1.0
2918;2023-08-08;-1.0
2919;2023-08-09;-1.0
2920;2023-08-10;-1.0
2921;2023-08-11;-1.0
2922;2023-08-12;-1.0
2923;2023-08-13;-1.0
2924;2023-08-14;-1.0
2925;2023-08-15;-1.0
2926;2023-08-16;-1.0
2927;2023-08-17;-1.0
2928;2023-08-18;-1.0
2929;2023-08-19;-1.0
2930;2023-08-20;-1.0
2931;2023-08-21;-1.0
2932;2023-08-22;-1.0
2933;2023-08-23;-1.0
2934;2023-08-24;-1.0
2935;2023-08-25;-1.0
2936;2023-08-26;-1.0
2937;2023-08-27;-1.0
2938;2023-08-28;-1.0
2939;2023-08-29;-1.0
2940;2023-08-30;-1.0
2941;2023-08-31;-1.0
2942;2023-09-01;-1.0
2943;2023-09-02;-1.0
2944;2023-09-03;-1.0
2945;2023-09-04;-1.0
2946;2023-09-05;-1.0
2947;2023-09-06;-1.0
2948;2023-09-07;-1.0
2949;2023-09-08;-1.0
2950;2023-09-09;-1.0
2951;2023-09-10;-1.0
2952;2023-09-11;-1.0
2953;2023-09-12;-1.0
2954;2023-09-13;-1.0
2955;2023-09-14;-1.0
2956;2023-09-15;-1.0
2957;2023-09-16;-1.0
2958;2023-09-17;-1.0
2959;2023-09-18;-1.0
2960;2023-09-19;-1.0
2961;2023-09-20;-1.0
2962;2023-09-21;-1.0
2963;2023-09-22;-1.0
2964;2023-09-23;-1.0
2965;2023-09-24;-1.0
2966;2023-09-25;-1.0
2967;2023-09-26;-1.0
2968;2023-09-27;-1.0
2969;2023-09-28;-1.0
2970;2023-09-29;-1.0
2971;2023-09-30;-1.0
2972;2023-10-01;-1.0
2973;2023-10-02;1.0
2974;2023-10-03;1.0
2975;2023-10-04;1.0
2976;2023-10-05;1.0
2977;2023-10-06;1.0
2978;2023-10-07;1.0
2979;2023-10-08;-1.0
2980;2023-10-09;-1.0
2981;2023-10-10;-1.0
2982;2023-10-11;-1.0
2983;2023-10-12;-1.0
2984;2023-10-13;-1.0
2985;2023-10-14;-1.0
2986;2023-10-15;-1.0
2987;2023-10-16;-1.0
2988;2023-10-17;-1.0
2989;2023-10-18;1.0
2990;2023-10-19;1.0
2991;2023-10-20;1.0
2992;2023-10-21;1.0
2993;2023-10-22;1.0
2994;2023-10-23;1.0
2995;2023-10-24;1.0
2996;2023-10-25;1.0
2997;2023-10-26;1.0
2998;2023-10-27;1.0
2999;2023-10-28;1.0
3000;2023-10-29;1.0
3001;2023-10-30;1.0
3002;2023-10-31;1.0
3003;2023-11-01;1.0
3004;2023-11-02;1.0
3005;2023-11-03;1.0
3006;2023-11-04;1.0
3007;2023-11-05;1.0
3008;2023-11-06;1.0
3009;2023-11-07;1.0
3010;2023-11-08;1.0
3011;2023-11-09;1.0
3012;2023-11-10;1.0
3013;2023-11-11;1.0
3014;2023-11-12;1.0
3015;2023-11-13;1.0
3016;2023-11-14;1.0
3017;2023-11-15;1.0
3018;2023-11-16;1.0
3019;2023-11-17;1.0
3020;2023-11-18;1.0
3021;2023-11-19;1.0
3022;2023-11-20;1.0
3023;2023-11-21;1.0
3024;2023-11-22;1.0
3025;2023-11-23;1.0
3026;2023-11-24;1.0
3027;2023-11-25;1.0
3028;2023-11-26;1.0
3029;2023-11-27;1.0
3030;2023-11-28;1.0
3031;2023-11-29;1.0
3032;2023-11-30;1.0
3033;2023-12-01;1.0
3034;2023-12-02;1.0
3035;2023-12-03;1.0
3036;2023-12-04;1.0
3037;2023-12-05;1.0
3038;2023-12-06;1.0
3039;2023-12-07;1.0
3040;2023-12-08;1.0
3041;2023-12-09;1.0
3042;2023-12-10;1.0
3043;2023-12-11;1.0
3044;2023-12-12;1.0
3045;2023-12-13;1.0
3046;2023-12-14;1.0
3047;2023-12-15;1.0
3048;2023-12-16;1.0
3049;2023-12-17;1.0
3050;2023-12-18;1.0
3051;2023-12-19;1.0
3052;2023-12-20;1.0
3053;2023-12-21;1.0
3054;2023-12-22;1.0
3055;2023-12-23;1.0
3056;2023-12-24;1.0
3057;2023-12-25;1.0
3058;2023-12-26;1.0
3059;2023-12-27;1.0
3060;2023-12-28;1.0
3061;2023-12-29;1.0
3062;2023-12-30;1.0
3063;2023-12-31;1.0
3064;2024-01-01;1.0
3065;2024-01-02;1.0
3066;2024-01-03;1.0
3067;2024-01-04;1.0
3068;2024-01-05;1.0
3069;2024-01-06;1.0
3070;2024-01-07;1.0
3071;2024-01-08;1.0
3072;2024-01-09;1.0
3073;2024-01-10;1.0
3074;2024-01-11;1.0
3075;2024-01-12;1.0
3076;2024-01-13;1.0
3077;2024-01-14;1.0
3078;2024-01-15;1.0
3079;2024-01-16;1.0
3080;2024-01-17;1.0
3081;2024-01-18;-1.0
3082;2024-01-19;-1.0
3083;2024-01-20;-1.0
3084;2024-01-21;-1.0
3085;2024-01-22;-1.0
3086;2024-01-23;-1.0
3087;2024-01-24;-1.0
3088;2024-01-25;-1.0
3089;2024-01-26;-1.0
3090;2024-01-27;-1.0
3091;2024-01-28;-1.0
3092;2024-01-29;-1.0
3093;2024-01-30;1.0
3094;2024-01-31;-1.0
3095;2024-02-01;-1.0
3096;2024-02-02;-1.0
3097;2024-02-03;-1.0
3098;2024-02-04;-1.0
3099;2024-02-05;1.0
3100;2024-02-06;1.0
3101;2024-02-07;1.0
3102;2024-02-08;1.0
3103;2024-02-09;1.0
3104;2024-02-10;1.0
3105;2024-02-11;1.0
3106;2024-02-12;1.0
3107;2024-02-13;1.0
3108;2024-02-14;1.0
3109;2024-02-15;1.0
3110;2024-02-16;1.0
3111;2024-02-17;1.0
3112;2024-02-18;1.0
3113;2024-02-19;1.0
3114;2024-02-20;1.0
3115;2024-02-21;1.0
3116;2024-02-22;1.0
3117;2024-02-23;1.0
3118;2024-02-24;1.0
3119;2024-02-25;1.0
3120;2024-02-26;1.0
3121;2024-02-27;1.0
3122;2024-02-28;1.0
3123;2024-02-29;1.0
3124;2024-03-01;1.0
3125;2024-03-02;1.0
3126;2024-03-03;1.0
3127;2024-03-04;1.0
3128;2024-03-05;1.0
3129;2024-03-06;1.0
3130;2024-03-07;1.0
3131;2024-03-08;1.0
3132;2024-03-09;1.0
3133;2024-03-10;1.0
3134;2024-03-11;1.0
3135;2024-03-12;1.0
3136;2024-03-13;1.0
3137;2024-03-14;1.0
3138;2024-03-15;1.0
3139;2024-03-16;1.0
3140;2024-03-17;1.0
3141;2024-03-18;1.0
3142;2024-03-19;1.0
3143;2024-03-20;1.0
3144;2024-03-21;1.0
3145;2024-03-22;1.0
3146;2024-03-23;1.0
3147;2024-03-24;1.0
3148;2024-03-25;1.0
3149;2024-03-26;1.0
3150;2024-03-27;1.0
3151;2024-03-28;1.0
3152;2024-03-29;1.0
3153;2024-03-30;1.0
3154;2024-03-31;1.0
3155;2024-04-01;1.0
3156;2024-04-02;1.0
3157;2024-04-03;1.0
3158;2024-04-04;1.0
3159;2024-04-05;1.0
3160;2024-04-06;1.0
3161;2024-04-07;1.0
3162;2024-04-08;1.0
3163;2024-04-09;1.0
3164;2024-04-10;1.0
3165;2024-04-11;1.0
3166;2024-04-12;1.0
3167;2024-04-13;1.0
3168;2024-04-14;1.0
3169;2024-04-15;-1.0
3170;2024-04-16;-1.0
3171;2024-04-17;-1.0
3172;2024-04-18;-1.0
3173;2024-04-19;-1.0
3174;2024-04-20;-1.0
3175;2024-04-21;-1.0
3176;2024-04-22;-1.0
3177;2024-04-23;-1.0
3178;2024-04-24;-1.0
3179;2024-04-25;-1.0
3180;2024-04-26;-1.0
3181;2024-04-27;1.0
3182;2024-04-28;1.0
3183;2024-04-29;-1.0
3184;2024-04-30;-1.0
3185;2024-05-01;-1.0
3186;2024-05-02;-1.0
3187;2024-05-03;-1.0
3188;2024-05-04;-1.0
3189;2024-05-05;-1.0
3190;2024-05-06;1.0
3191;2024-05-07;-1.0
3192;2024-05-08;-1.0
3193;2024-05-09;-1.0
3194;2024-05-10;-1.0
3195;2024-05-11;-1.0
3196;2024-05-12;-1.0
3197;2024-05-13;-1.0
3198;2024-05-14;-1.0
3199;2024-05-15;-1.0
3200;2024-05-16;-1.0
3201;2024-05-17;1.0
3202;2024-05-18;1.0
3203;2024-05-19;1.0
3204;2024-05-20;1.0
3205;2024-05-21;1.0
3206;2024-05-22;1.0
3207;2024-05-23;1.0
3208;2024-05-24;1.0
3209;2024-05-25;1.0
3210;2024-05-26;1.0
3211;2024-05-27;1.0
3212;2024-05-28;1.0
3213;2024-05-29;1.0
3214;2024-05-30;1.0
3215;2024-05-31;1.0
3216;2024-06-01;1.0
3217;2024-06-02;1.0
3218;2024-06-03;1.0
3219;2024-06-04;1.0
3220;2024-06-05;1.0
3221;2024-06-06;1.0
3222;2024-06-07;-1.0
3223;2024-06-08;-1.0
3224;2024-06-09;-1.0
3225;2024-06-10;-1.0
3226;2024-06-11;-1.0
3227;2024-06-12;-1.0
3228;2024-06-13;-1.0
3229;2024-06-14;-1.0
3230;2024-06-15;-1.0
3231;2024-06-16;-1.0
3232;2024-06-17;-1.0
3233;2024-06-18;-1.0
3234;2024-06-19;-1.0
3235;2024-06-20;-1.0
3236;2024-06-21;-1.0
3237;2024-06-22;-1.0
3238;2024-06-23;-1.0
3239;2024-06-24;-1.0
3240;2024-06-25;-1.0
3241;2024-06-26;-1.0
3242;2024-06-27;-1.0
3243;2024-06-28;-1.0
3244;2024-06-29;-1.0
3245;2024-06-30;-1.0
3246;2024-07-01;1.0
3247;2024-07-02;1.0
3248;2024-07-03;-1.0
3249;2024-07-04;-1.0
3250;2024-07-05;-1.0
3251;2024-07-06;-1.0
3252;2024-07-07;-1.0
3253;2024-07-08;-1.0
3254;2024-07-09;-1.0
3255;2024-07-10;-1.0
3256;2024-07-11;-1.0
3257;2024-07-12;-1.0
3258;2024-07-13;-1.0
3259;2024-07-14;-1.0
3260;2024-07-15;-1.0
3261;2024-07-16;-1.0
3262;2024-07-17;-1.0
3263;2024-07-18;-1.0
3264;2024-07-19;-1.0
3265;2024-07-20;-1.0
3266;2024-07-21;-1.0
3267;2024-07-22;1.0
3268;2024-07-23;-1.0
3269;2024-07-24;-1.0
3270;2024-07-25;-1.0
3271;2024-07-26;-1.0
3272;2024-07-27;-1.0
3273;2024-07-28;-1.0
3274;2024-07-29;-1.0
3275;2024-07-30;-1.0
3276;2024-07-31;-1.0
3277;2024-08-01;-1.0
3278;2024-08-02;-1.0
3279;2024-08-03;-1.0
3280;2024-08-04;-1.0
3281;2024-08-05;-1.0
3282;2024-08-06;-1.0
3283;2024-08-07;-1.0
3284;2024-08-08;-1.0
3285;2024-08-09;-1.0
3286;2024-08-10;-1.0
3287;2024-08-11;-1.0
3288;2024-08-12;-1.0
3289;2024-08-13;-1.0
3290;2024-08-14;-1.0
3291;2024-08-15;-1.0
3292;2024-08-16;-1.0
3293;2024-08-17;-1.0
3294;2024-08-18;-1.0
3295;2024-08-19;-1.0
3296;2024-08-20;-1.0
3297;2024-08-21;-1.0
3298;2024-08-22;-1.0
3299;2024-08-23;-1.0
3300;2024-08-24;-1.0
3301;2024-08-25;1.0
3302;2024-08-26;-1.0
3303;2024-08-27;-1.0
3304;2024-08-28;-1.0
3305;2024-08-29;-1.0
3306;2024-08-30;-1.0
3307;2024-08-31;-1.0
3308;2024-09-01;-1.0
3309;2024-09-02;-1.0
3310;2024-09-03;-1.0
3311;2024-09-04;-1.0
3312;2024-09-05;-1.0
3313;2024-09-06;-1.0
3314;2024-09-07;-1.0
3315;2024-09-08;-1.0
3316;2024-09-09;-1.0
3317;2024-09-10;-1.0
3318;2024-09-11;-1.0
3319;2024-09-12;-1.0
3320;2024-09-13;-1.0
3321;2024-09-14;-1.0
3322;2024-09-15;-1.0
3323;2024-09-16;-1.0
3324;2024-09-17;-1.0
3325;2024-09-18;-1.0
3326;2024-09-19;-1.0
3327;2024-09-20;-1.0
3328;2024-09-21;-1.0
3329;2024-09-22;-1.0
3330;2024-09-23;-1.0
3331;2024-09-24;1.0
3332;2024-09-25;1.0
3333;2024-09-26;1.0
3334;2024-09-27;1.0
3335;2024-09-28;1.0
3336;2024-09-29;1.0
3337;2024-09-30;1.0
3338;2024-10-01;-1.0
3339;2024-10-02;-1.0
3340;2024-10-03;-1.0
3341;2024-10-04;-1.0
3342;2024-10-05;-1.0
3343;2024-10-06;-1.0
3344;2024-10-07;1.0
3345;2024-10-08;1.0
3346;2024-10-09;-1.0
3347;2024-10-10;-1.0
3348;2024-10-11;1.0
3349;2024-10-12;1.0
3350;2024-10-13;1.0
3351;2024-10-14;1.0
3352;2024-10-15;1.0
3353;2024-10-16;1.0
3354;2024-10-17;1.0
3355;2024-10-18;1.0
3356;2024-10-19;1.0
3357;2024-10-20;1.0
3358;2024-10-21;1.0
3359;2024-10-22;1.0
3360;2024-10-23;-1.0
3361;2024-10-24;-1.0
3362;2024-10-25;-1.0
3363;2024-10-26;-1.0
3364;2024-10-27;-1.0
3365;2024-10-28;-1.0
3366;2024-10-29;1.0
3367;2024-10-30;1.0
3368;2024-10-31;1.0
3369;2024-11-01;-1.0
3370;2024-11-02;-1.0
3371;2024-11-03;-1.0
3372;2024-11-04;-1.0
3373;2024-11-05;-1.0
3374;2024-11-06;1.0
3375;2024-11-07;1.0
3376;2024-11-08;1.0
3377;2024-11-09;1.0
3378;2024-11-10;1.0
3379;2024-11-11;1.0
3380;2024-11-12;1.0
3381;2024-11-13;1.0
3382;2024-11-14;1.0
3383;2024-11-15;1.0
3384;2024-11-16;1.0
3385;2024-11-17;1.0
3386;2024-11-18;1.0
3387;2024-11-19;1.0
3388;2024-11-20;1.0
3389;2024-11-21;1.0
3390;2024-11-22;1.0
3391;2024-11-23;1.0
3392;2024-11-24;1.0
3393;2024-11-25;1.0
3394;2024-11-26;1.0
3395;2024-11-27;1.0
3396;2024-11-28;1.0
3397;2024-11-29;1.0
3398;2024-11-30;1.0
3399;2024-12-01;1.0
3400;2024-12-02;1.0
3401;2024-12-03;1.0
3402;2024-12-04;1.0
3403;2024-12-05;1.0
3404;2024-12-06;1.0
3405;2024-12-07;1.0
3406;2024-12-08;1.0
3407;2024-12-09;1.0
3408;2024-12-10;1.0
3409;2024-12-11;1.0
3410;2024-12-12;1.0
3411;2024-12-13;1.0
3412;2024-12-14;1.0
3413;2024-12-15;1.0
3414;2024-12-16;1.0
3415;2024-12-17;1.0
3416;2024-12-18;1.0
3417;2024-12-19;1.0
3418;2024-12-20;1.0
3419;2024-12-21;1.0
3420;2024-12-22;1.0
3421;2024-12-23;1.0
3422;2024-12-24;1.0
3423;2024-12-25;1.0
3424;2024-12-26;1.0
3425;2024-12-27;1.0
3426;2024-12-28;1.0
3427;2024-12-29;1.0
3428;2024-12-30;1.0
3429;2024-12-31;1.0
3430;2025-01-01;1.0
3431;2025-01-02;1.0
3432;2025-01-03;1.0
3433;2025-01-04;1.0
3434;2025-01-05;1.0
3435;2025-01-06;1.0
3436;2025-01-07;-1.0
3437;2025-01-08;-1.0
3438;2025-01-09;-1.0
3439;2025-01-10;-1.0
3440;2025-01-11;-1.0
3441;2025-01-12;-1.0
3442;2025-01-13;-1.0
3443;2025-01-14;-1.0
3444;2025-01-15;-1.0
3445;2025-01-16;-1.0
3446;2025-01-17;1.0
3447;2025-01-18;-1.0
3448;2025-01-19;-1.0
3449;2025-01-20;-1.0
3450;2025-01-21;-1.0
3451;2025-01-22;-1.0
3452;2025-01-23;-1.0
3453;2025-01-24;-1.0
3454;2025-01-25;-1.0
3455;2025-01-26;-1.0
3456;2025-01-27;-1.0
3457;2025-01-28;-1.0
3458;2025-01-29;-1.0
3459;2025-01-30;-1.0
3460;2025-01-31;-1.0
3461;2025-02-01;-1.0
3462;2025-02-02;-1.0
3463;2025-02-03;-1.0
3464;2025-02-04;-1.0
3465;2025-02-05;-1.0
3466;2025-02-06;-1.0
3467;2025-02-07;-1.0
3468;2025-02-08;-1.0
3469;2025-02-09;-1.0
3470;2025-02-10;-1.0
3471;2025-02-11;-1.0
3472;2025-02-12;-1.0
3473;2025-02-13;-1.0
3474;2025-02-14;-1.0
3475;2025-02-15;-1.0
3476;2025-02-16;-1.0
3477;2025-02-17;-1.0
3478;2025-02-18;-1.0
3479;2025-02-19;-1.0
3480;2025-02-20;-1.0
3481;2025-02-21;-1.0
3482;2025-02-22;-1.0
3483;2025-02-23;-1.0
3484;2025-02-24;-1.0
3485;2025-02-25;-1.0
3486;2025-02-26;-1.0
3487;2025-02-27;-1.0
3488;2025-02-28;-1.0
3489;2025-03-01;-1.0
3490;2025-03-02;-1.0
3491;2025-03-03;-1.0
3492;2025-03-04;-1.0
3493;2025-03-05;-1.0
3494;2025-03-06;-1.0
3495;2025-03-07;-1.0
3496;2025-03-08;-1.0
3497;2025-03-09;-1.0
3498;2025-03-10;-1.0
3499;2025-03-11;-1.0
3500;2025-03-12;-1.0
3501;2025-03-13;-1.0
3502;2025-03-14;-1.0
3503;2025-03-15;-1.0
3504;2025-03-16;-1.0
3505;2025-03-17;-1.0
3506;2025-03-18;-1.0
3507;2025-03-19;-1.0
3508;2025-03-20;-1.0
3509;2025-03-21;-1.0
3510;2025-03-22;-1.0
3511;2025-03-23;-1.0
3512;2025-03-24;-1.0
3513;2025-03-25;-1.0
3514;2025-03-26;-1.0
3515;2025-03-27;-1.0
3516;2025-03-28;-1.0
3517;2025-03-29;-1.0
3518;2025-03-30;-1.0
3519;2025-03-31;-1.0
3520;2025-04-01;-1.0
3521;2025-04-02;-1.0
3522;2025-04-03;-1.0
3523;2025-04-04;-1.0
3524;2025-04-05;-1.0
3525;2025-04-06;-1.0
3526;2025-04-07;-1.0
3527;2025-04-08;-1.0
3528;2025-04-09;-1.0
3529;2025-04-10;-1.0
3530;2025-04-11;-1.0
3531;2025-04-12;-1.0
3532;2025-04-13;-1.0
3533;2025-04-14;-1.0
3534;2025-04-15;-1.0
3535;2025-04-16;-1.0
3536;2025-04-17;-1.0
3537;2025-04-18;-1.0
3538;2025-04-19;-1.0
3539;2025-04-20;-1.0
3540;2025-04-21;-1.0
3541;2025-04-22;-1.0
3542;2025-04-23;-1.0
3543;2025-04-24;-1.0
3544;2025-04-25;-1.0
3545;2025-04-26;-1.0
3546;2025-04-27;-1.0
3547;2025-04-28;-1.0
3548;2025-04-29;-1.0
3549;2025-04-30;-1.0
3550;2025-05-01;-1.0
3551;2025-05-02;-1.0
3552;2025-05-03;-1.0
3553;2025-05-04;-1.0
3554;2025-05-05;1.0
3555;2025-05-06;-1.0
3556;2025-05-07;-1.0
3557;2025-05-08;-1.0
3558;2025-05-09;1.0
3559;2025-05-10;1.0
3560;2025-05-11;1.0
3561;2025-05-12;1.0
3562;2025-05-13;1.0
3563;2025-05-14;1.0
3564;2025-05-15;1.0
3565;2025-05-16;1.0
3566;2025-05-17;1.0
3567;2025-05-18;-1.0
3568;2025-05-19;-1.0
3569;2025-05-20;-1.0
3570;2025-05-21;1.0
3571;2025-05-22;1.0
3572;2025-05-23;1.0
3573;2025-05-24;1.0
3574;2025-05-25;1.0
3575;2025-05-26;1.0
3576;2025-05-27;1.0
3577;2025-05-28;1.0
3578;2025-05-29;1.0
3579;2025-05-30;1.0
3580;2025-05-31;1.0
3581;2025-06-01;1.0
